RiskPerformance,ExternalRiskEstimate,MSinceOldestTradeOpen,MSinceMostRecentTradeOpen,AverageMInFile,NumSatisfactoryTrades,NumTrades90Ever2DerogPubRec,PercentTradesNeverDelq,MSinceMostRecentDelq,MaxDelq2PublicRecLast12M,MaxDelqEver,NumTotalTrades,NumTradesOpeninLast12M,PercentInstallTrades,MSinceMostRecentInqexcl7days,NumInqLast6Mexcl7days,NetFractionRevolvingBurden,NetFractionInstallBurden,NumRevolvingTradesWBalance,NumInstallTradesWBalance,NumBank2NatlTradesWHighUtilization,PercentTradesWBalance,ConditionNotMet,MonthsTrading,TotalNetFractionBurden,PercentSatisTrades
Bad,88,324.0,18,126,17,0,100,,7,8,17,0,6,,0,4,58,5,1,1,75,True,306.0,62,100.0
Bad,73,164.0,10,75,7,0,100,,7,8,7,2,29,-0.2725788332366598,1,76,14,1,2,1,75,True,154.0,90,100.0
Bad,68,143.0,1,52,35,0,94,1.0,4,6,36,4,19,-0.48519611654772077,0,7,100,5,3,0,53,False,142.0,107,97.22222222222223
Good,75,203.0,2,79,41,0,98,42.0,6,6,43,4,19,-0.2725788332366598,2,16,9,6,2,1,73,False,201.0,25,95.34883720930233
Bad,59,180.0,5,55,45,1,80,0.0,4,4,49,6,65,-0.2725788332366598,2,20,87,7,4,0,80,False,175.0,107,91.83673469387755
Bad,62,298.0,16,62,30,1,97,21.0,6,3,53,0,32,,1,70,56,8,3,3,79,True,282.0,126,56.60377358490566
Good,70,196.13915857605178,7,64,13,1,93,29.0,6,2,14,2,36,,0,54,83,4,2,0,100,True,189.13915857605178,137,92.85714285714286
Good,72,302.0,36,105,13,1,93,35.0,6,2,14,0,14,-0.48519611654772077,0,69,58,5,2,2,83,False,266.0,127,92.85714285714286
Bad,69,114.0,16,54,21,0,100,,7,8,21,0,48,-0.48519611654772077,4,57,80,8,3,2,92,True,98.0,137,100.0
Good,82,156.0,21,84,12,0,100,,7,8,12,0,42,-0.48519611654772077,0,73,68,3,2,0,100,True,135.0,141,100.0
Good,77,178.0,5,80,18,0,100,,7,8,18,3,39,0.36527301669652296,2,24,58,4,1,0,71,True,173.0,82,100.0
Bad,77,316.0,4,85,53,0,100,,7,8,57,4,21,-0.48519611654772077,1,20,97,10,4,3,50,True,312.0,117,92.98245614035088
Bad,63,137.0,5,70,10,4,92,6.0,0,2,13,1,75,,1,68,90,1,3,0,100,True,132.0,158,76.92307692307692
Bad,64,175.0,20,115,13,0,56,35.0,6,5,16,0,19,3.5545322663624375,0,85,74,9,1,6,91,False,155.0,159,81.25
Bad,63,327.0,13,166,14,1,94,5.0,0,2,16,0,13,0.5778903000075839,0,0,58,1,1,0,27,False,314.0,58,87.5
Good,75,194.0,18,89,12,0,100,,7,8,12,0,17,0.15265573338546204,2,87,61,1,2,1,100,True,176.0,148,100.0
Good,82,187.0,11,82,28,0,96,32.0,6,6,28,1,50,0.36527301669652296,2,4,59,3,2,0,56,False,176.0,63,100.0
Bad,57,47.0,3,31,9,1,80,13.0,6,6,11,1,40,-0.48519611654772077,0,72,100,3,2,1,83,False,44.0,172,81.81818181818181
Good,75,130.0,1,61,20,0,100,,7,8,21,3,19,-0.48519611654772077,0,57,98,3,3,2,43,True,129.0,155,95.23809523809524
Bad,69,193.0,7,62,15,0,100,,7,8,16,1,44,0.7905075833186448,0,77,70,5,3,4,80,True,186.0,147,93.75
Bad,68,86.0,7,27,11,1,92,7.0,0,2,12,3,50,-0.48519611654772077,1,0,95,0,3,1,50,False,79.0,95,91.66666666666667
Good,86,380.0,3,138,23,0,100,,7,8,23,1,13,-0.48519611654772077,1,5,99,3,2,0,42,True,377.0,104,100.0
Bad,63,10.0,2,6,1,0,100,,7,8,2,2,50,-0.48519611654772077,8,64,58,1,1,1,100,True,8.0,122,50.0
Bad,80,202.0,44,147,5,0,100,,7,8,5,0,0,-0.48519611654772077,0,77,58,3,2,1,100,True,158.0,135,100.0
Bad,58,126.0,8,58,3,2,75,70.0,6,2,5,2,50,-0.48519611654772077,1,30,50,4,2,1,100,False,118.0,80,60.0
Bad,60,170.0,7,59,21,0,96,57.0,6,6,26,3,69,-0.48519611654772077,2,88,58,7,1,3,100,False,163.0,146,80.76923076923077
Good,78,167.0,0,66,33,0,100,,7,8,56,3,29,,0,0,76,2,4,0,43,True,167.0,76,58.92857142857143
Bad,59,183.0,2,72,34,0,94,4.0,4,6,35,3,37,0.15265573338546204,1,43,87,8,2,3,63,False,181.0,130,97.14285714285714
Bad,59,153.0,18,89,31,0,79,0.0,4,5,38,0,24,,0,61,23,9,2,2,79,True,135.0,84,81.57894736842105
Good,69,196.13915857605178,3,128,25,1,100,,6,8,26,3,23,,1,45,81,3,3,1,50,True,193.13915857605178,126,96.15384615384616
Good,67,180.0,6,73,21,0,82,2.0,4,5,22,2,45,-0.2725788332366598,1,5,70,6,7,0,81,False,174.0,75,95.45454545454545
Good,79,168.0,9,58,21,0,90,76.0,6,6,21,3,38,-0.48519611654772077,0,27,88,5,3,0,62,False,159.0,115,100.0
Good,77,133.0,1,64,22,0,91,24.0,6,6,23,1,61,-0.2725788332366598,1,33,79,1,4,0,71,False,132.0,112,95.65217391304348
Good,69,196.13915857605178,8,31,7,1,78,28.0,6,2,9,2,78,,1,8,33,1,3,0,80,True,188.13915857605178,41,77.77777777777777
Bad,57,260.0,10,136,9,3,82,2.0,0,2,11,1,18,-0.48519611654772077,1,34,58,1,1,0,50,False,250.0,92,81.81818181818181
Bad,74,129.0,1,70,20,0,100,,7,8,22,3,32,,0,61,84,6,3,4,75,True,128.0,145,90.9090909090909
Bad,66,145.0,6,91,18,1,100,,6,8,19,1,21,-0.48519611654772077,2,67,8,7,2,3,69,True,139.0,75,94.73684210526316
Good,71,163.0,5,64,42,0,95,2.0,4,6,42,3,24,0.36527301669652296,3,1,58,4,1,0,31,False,158.0,59,100.0
Good,79,209.0,29,100,22,0,100,,7,8,22,0,36,-0.48519611654772077,0,56,38,4,2,2,60,True,180.0,94,100.0
Bad,58,191.0,6,92,51,0,87,9.0,4,6,53,1,26,-0.48519611654772077,3,60,58,14,2,3,85,False,185.0,118,96.22641509433963
Bad,68,180.0,1,91,9,1,82,22.0,6,3,11,2,9,-0.48519611654772077,2,27,58,4,2,1,67,False,179.0,85,81.81818181818181
Good,74,203.0,1,66,27,0,93,3.0,4,6,30,1,20,-0.48519611654772077,3,2,86,2,2,0,57,False,202.0,88,90.0
Bad,67,152.0,21,97,25,1,96,,6,7,26,0,35,-0.48519611654772077,6,59,58,7,1,2,67,True,131.0,117,96.15384615384616
Bad,68,69.0,8,42,10,0,90,,6,7,10,1,40,-0.48519611654772077,2,79,72,3,2,1,100,True,61.0,151,100.0
Bad,73,201.0,16,108,13,0,93,12.0,6,6,14,0,21,-0.48519611654772077,0,47,77,6,2,1,89,False,185.0,124,92.85714285714286
Bad,62,76.0,1,26,14,0,83,56.0,6,5,18,7,67,-0.48519611654772077,2,61,92,6,4,1,100,False,75.0,153,77.77777777777777
Bad,83,350.0,10,101,32,0,97,13.0,6,6,32,1,19,-0.48519611654772077,0,2,61,3,4,0,54,False,340.0,63,100.0
Bad,64,8.0,7,8,2,0,100,,7,8,2,2,100,,0,30,81,4,2,1,100,True,1.0,111,100.0
Good,84,186.0,15,71,15,0,100,,7,8,15,0,27,-0.48519611654772077,0,13,75,1,2,0,50,True,171.0,88,100.0
Bad,71,293.0,5,74,22,1,91,5.0,4,2,23,2,13,,1,18,94,6,2,0,47,True,288.0,112,95.65217391304348
Bad,69,167.0,12,60,9,3,90,31.0,6,2,10,0,20,-0.48519611654772077,0,84,18,2,1,2,60,False,155.0,102,90.0
Bad,87,178.0,3,91,22,0,100,,7,8,24,2,29,-0.059961549925598906,6,7,68,2,2,0,44,True,175.0,75,91.66666666666667
Good,75,342.0,26,170,13,0,69,62.0,6,5,16,0,31,-0.48519611654772077,0,70,58,4,1,1,63,False,316.0,128,81.25
Bad,69,211.0,2,69,11,0,93,13.0,6,6,12,3,36,,2,95,77,4,3,3,100,True,209.0,172,91.66666666666667
Good,81,144.0,5,61,18,0,100,,7,8,20,4,25,-0.48519611654772077,0,42,58,3,2,0,60,True,139.0,100,90.0
Good,80,190.0,4,88,30,0,100,,7,8,32,2,53,,0,62,41,2,3,0,83,True,186.0,103,93.75
Good,88,277.0,10,127,24,0,100,,7,8,25,1,40,2.06621128318501,0,2,86,3,2,0,45,True,267.0,88,96.0
Bad,77,154.0,3,55,31,0,100,,7,8,32,6,63,-0.059961549925598906,1,26,74,5,14,0,86,True,151.0,100,96.875
Bad,65,180.0,2,81,7,0,73,15.0,6,5,11,2,18,-0.48519611654772077,0,81,58,2,1,1,100,False,178.0,139,63.63636363636363
Bad,88,227.0,4,90,11,0,100,,7,8,11,1,18,,1,3,58,3,1,1,50,True,223.0,61,100.0
Bad,67,115.0,16,55,21,0,96,14.0,6,6,26,0,58,-0.48519611654772077,0,56,84,5,4,1,82,False,99.0,140,80.76923076923077
Bad,72,220.0,7,91,36,0,100,,7,8,36,4,22,-0.48519611654772077,1,44,86,7,2,2,56,True,213.0,130,100.0
Bad,59,94.0,4,33,31,0,94,11.0,4,6,31,3,29,,0,48,96,10,3,0,76,True,90.0,144,100.0
Good,75,167.0,1,70,7,0,88,13.0,6,6,8,1,25,-0.48519611654772077,0,18,100,2,2,2,57,False,166.0,118,87.5
Bad,66,77.0,5,25,8,0,100,,7,8,8,5,13,-0.48519611654772077,1,93,72,5,1,1,100,True,72.0,165,100.0
Bad,76,212.0,14,87,21,0,100,,6,7,21,0,33,,0,40,85,7,2,0,90,True,198.0,125,100.0
Good,82,144.0,9,61,24,0,96,49.0,6,5,25,1,24,-0.48519611654772077,1,5,47,4,2,0,46,False,135.0,52,96.0
Bad,88,274.0,11,105,11,0,100,,7,8,11,1,18,-0.48519611654772077,0,27,1,3,1,0,67,True,263.0,28,100.0
Bad,67,250.0,6,103,26,0,88,1.0,4,6,26,1,35,-0.48519611654772077,0,79,60,4,2,2,75,False,244.0,139,100.0
Good,71,194.0,12,69,29,0,93,6.0,4,6,31,0,27,-0.059961549925598906,2,36,69,4,2,1,67,False,182.0,105,93.54838709677419
Bad,57,204.0,6,73,28,1,97,1.0,0,2,29,6,41,-0.48519611654772077,0,14,96,4,4,1,62,False,198.0,110,96.55172413793103
Bad,67,118.0,6,37,23,2,88,70.0,6,2,26,5,42,-0.48519611654772077,0,31,70,5,3,1,67,False,112.0,101,88.46153846153847
Bad,77,216.0,8,137,10,0,100,,7,8,10,1,0,-0.48519611654772077,3,49,58,4,2,2,50,True,208.0,107,100.0
Good,85,371.0,1,141,24,0,100,,7,8,25,2,28,-0.48519611654772077,0,14,56,5,2,1,70,True,370.0,70,96.0
Good,80,208.0,12,76,30,0,97,23.0,6,5,31,0,13,-0.48519611654772077,0,1,71,5,2,0,35,False,196.0,72,96.7741935483871
Bad,59,204.0,9,70,5,1,43,10.0,0,2,7,1,29,-0.48519611654772077,0,85,48,3,2,1,100,False,195.0,133,71.42857142857143
Good,70,300.0,2,68,33,0,94,13.0,6,6,34,1,26,-0.48519611654772077,1,4,69,5,5,4,69,False,298.0,73,97.05882352941177
Good,82,205.0,2,86,30,0,97,39.0,6,6,31,4,19,-0.48519611654772077,2,2,75,7,1,0,44,False,203.0,77,96.7741935483871
Bad,75,177.0,2,84,28,0,100,,7,8,31,3,32,,0,44,97,6,3,3,77,True,175.0,141,90.3225806451613
Good,76,222.0,4,85,47,0,100,,7,8,47,2,28,-0.48519611654772077,0,37,59,4,4,0,53,True,218.0,96,100.0
Good,79,236.0,6,77,37,0,95,33.0,6,6,37,1,49,-0.48519611654772077,0,7,79,4,4,0,73,False,230.0,86,100.0
Good,70,7.0,7,7,1,0,100,,7,8,1,1,100,-0.48519611654772077,0,30,92,4,1,1,100,True,0.0,122,100.0
Bad,57,346.0,25,68,13,1,73,4.0,4,6,26,0,53,1.4283594332518275,0,0,53,2,4,0,67,False,321.0,53,50.0
Good,85,173.0,16,51,9,0,100,,7,8,28,0,0,-0.48519611654772077,1,13,58,4,2,0,80,True,157.0,71,32.142857142857146
Good,72,428.0,18,102,26,0,96,14.0,6,6,26,0,19,3.129297699740315,0,22,53,2,3,2,33,False,410.0,75,100.0
Good,71,142.0,10,65,22,0,100,,7,8,23,1,45,0.36527301669652296,1,55,71,5,3,1,89,True,132.0,126,95.65217391304348
Bad,63,141.0,17,76,16,0,88,3.0,4,6,17,0,29,2.2788285664960712,0,58,58,4,2,2,100,False,124.0,116,94.11764705882354
Good,58,214.0,20,122,6,2,54,2.0,3,3,13,0,62,,0,11,60,3,2,0,83,True,194.0,71,46.15384615384615
Bad,83,92.0,2,41,18,0,100,,7,8,19,7,32,,0,13,92,7,2,0,69,True,90.0,105,94.73684210526316
Bad,72,140.0,13,61,13,0,100,,7,8,13,0,8,,3,51,58,3,2,1,60,True,127.0,109,100.0
Good,83,151.0,6,82,27,0,100,,7,8,27,2,44,-0.48519611654772077,0,17,101,2,2,0,80,True,145.0,118,100.0
Good,89,180.0,11,77,37,0,100,,7,8,41,1,24,0.5778903000075839,1,1,58,3,1,0,29,True,169.0,59,90.2439024390244
Bad,59,117.0,18,73,7,1,50,17.0,6,2,8,0,50,-0.48519611654772077,0,76,58,1,3,1,80,False,99.0,134,87.5
Bad,58,164.0,2,88,17,3,86,4.0,4,4,24,2,41,-0.48519611654772077,4,24,59,4,3,1,78,False,162.0,83,70.83333333333333
Good,66,272.0,2,95,44,0,100,,7,8,49,3,29,-0.48519611654772077,4,63,64,16,4,6,80,True,270.0,127,89.79591836734694
Good,78,192.0,3,91,55,0,98,12.0,6,6,57,2,18,0.15265573338546204,1,1,58,9,1,0,28,False,189.0,59,96.49122807017544
Bad,91,291.0,7,88,26,0,100,,7,8,26,2,35,1.0031248666297057,0,0,58,3,2,0,23,True,284.0,58,100.0
Good,85,389.0,8,97,29,0,100,,7,8,30,2,33,-0.48519611654772077,1,18,76,5,1,0,40,True,381.0,94,96.66666666666667
Bad,56,150.0,12,80,22,0,83,1.0,4,6,23,0,13,-0.48519611654772077,0,85,58,8,2,4,100,False,138.0,143,95.65217391304348
Good,81,342.0,16,129,14,1,94,50.0,6,2,18,0,39,-0.48519611654772077,0,2,14,1,3,0,100,False,326.0,16,77.77777777777777
Good,70,316.0,2,104,37,0,100,,7,8,38,4,5,-0.059961549925598906,2,43,99,8,2,2,56,True,314.0,142,97.36842105263158
Good,92,211.0,20,124,33,0,100,,7,8,34,0,15,,0,0,58,2,1,0,27,True,191.0,58,97.05882352941177
Good,70,327.0,4,82,37,0,100,,7,8,37,4,16,-0.48519611654772077,2,31,88,7,3,3,56,True,323.0,119,100.0
Bad,57,74.0,5,30,14,0,94,63.0,6,5,16,3,44,-0.48519611654772077,0,96,61,7,2,1,91,False,69.0,157,87.5
Good,63,135.0,36,70,7,0,55,1.0,4,5,11,0,55,1.2157421499407666,0,23,33,1,3,1,80,False,99.0,56,63.63636363636363
Good,73,134.0,3,55,26,0,100,,7,8,26,5,35,0.7905075833186448,0,64,33,4,2,2,64,True,131.0,97,100.0
Good,84,320.0,2,121,24,0,100,,7,8,25,2,28,,2,6,58,4,2,1,50,True,318.0,64,96.0
Bad,83,416.0,16,175,25,0,93,44.0,6,5,27,0,11,,0,22,58,6,1,0,64,True,400.0,80,92.5925925925926
Bad,56,135.0,12,74,34,0,91,3.0,4,5,35,0,20,-0.48519611654772077,9,55,48,8,3,3,61,False,123.0,103,97.14285714285714
Bad,65,157.0,6,44,13,0,93,30.0,6,5,14,4,36,0.36527301669652296,1,23,80,3,2,1,67,False,151.0,103,92.85714285714286
Bad,56,126.0,15,66,22,2,86,0.0,4,6,22,0,23,2.4914458498071324,0,21,60,4,2,0,55,False,111.0,81,100.0
Bad,84,215.0,8,73,25,0,93,38.0,6,5,27,1,41,3.767149549673498,0,0,58,0,2,0,17,False,207.0,58,92.5925925925926
Good,86,178.0,7,75,19,0,100,,7,8,19,2,16,-0.48519611654772077,1,11,58,6,2,0,46,True,171.0,69,100.0
Good,80,360.0,2,114,27,0,97,25.0,6,6,29,2,62,-0.48519611654772077,1,10,100,3,2,2,63,False,358.0,110,93.10344827586206
Good,66,272.0,3,91,27,1,89,5.0,4,6,29,3,11,-0.2725788332366598,5,20,58,3,1,0,27,False,269.0,78,93.10344827586206
Bad,72,259.0,7,82,41,0,100,,7,8,41,3,22,-0.48519611654772077,8,37,80,10,2,2,60,True,252.0,117,100.0
Bad,76,138.0,5,48,20,0,100,,7,8,20,2,35,-0.48519611654772077,0,40,72,2,2,1,50,True,133.0,112,100.0
Bad,80,94.0,3,49,27,0,100,,7,8,28,1,14,-0.48519611654772077,2,21,58,4,1,0,45,True,91.0,79,96.42857142857143
Good,67,83.0,2,36,30,0,97,25.0,6,6,32,8,44,-0.48519611654772077,3,39,89,4,8,0,80,False,81.0,128,93.75
Bad,59,166.0,13,72,16,1,68,3.0,4,2,19,0,42,1.8535939998739495,0,42,73,4,3,2,78,False,153.0,115,84.21052631578948
Bad,49,198.0,6,95,12,2,55,1.0,4,4,20,2,35,-0.48519611654772077,2,60,58,6,1,1,78,False,192.0,118,60.0
Bad,65,302.0,16,91,43,2,91,11.0,4,2,45,0,44,-0.48519611654772077,0,25,61,10,4,1,67,False,286.0,86,95.55555555555556
Good,87,269.0,3,113,25,0,100,,7,8,57,3,27,-0.059961549925598906,1,9,58,4,1,0,33,True,266.0,67,43.85964912280702
Good,87,155.0,4,70,35,0,100,,7,8,36,1,19,-0.48519611654772077,0,2,58,2,1,0,20,True,151.0,60,97.22222222222223
Good,84,373.0,16,107,32,0,100,,7,8,32,0,38,-0.48519611654772077,1,14,30,7,5,0,67,True,357.0,44,100.0
Good,74,250.0,18,81,19,0,100,,7,8,20,0,20,-0.48519611654772077,1,69,54,6,3,2,69,True,232.0,123,95.0
Bad,62,123.0,4,51,13,0,80,10.0,3,5,16,2,40,1.0031248666297057,0,97,93,2,4,2,100,False,119.0,190,81.25
Good,68,172.0,3,74,23,0,92,5.0,3,5,28,4,28,-0.059961549925598906,2,6,98,1,2,0,25,False,169.0,104,82.14285714285714
Bad,58,94.0,7,45,7,2,88,13.0,6,4,9,1,63,-0.48519611654772077,1,81,58,2,1,0,75,False,87.0,139,77.77777777777777
Bad,78,138.0,5,55,20,0,100,,7,8,20,4,25,1.2157421499407666,0,30,58,2,1,1,23,True,133.0,88,100.0
Bad,64,157.0,2,38,6,4,88,33.0,6,2,8,2,50,,1,34,95,3,2,0,83,True,155.0,129,75.0
Bad,65,64.0,6,40,14,0,100,,7,8,14,1,36,-0.48519611654772077,1,95,58,3,2,3,86,True,58.0,153,100.0
Bad,80,225.0,19,111,18,0,100,,7,8,20,0,55,-0.48519611654772077,2,5,76,3,1,0,80,True,206.0,81,90.0
Bad,73,169.0,7,76,12,1,86,9.0,1,3,14,3,14,-0.2725788332366598,5,14,58,1,2,0,33,False,162.0,72,85.71428571428571
Good,71,157.0,4,75,39,0,95,9.0,3,5,44,2,50,0.36527301669652296,3,10,65,4,4,0,50,False,153.0,75,88.63636363636364
Bad,56,189.0,10,90,27,0,69,2.0,4,6,29,1,31,-0.48519611654772077,2,62,58,7,1,2,67,False,179.0,120,93.10344827586206
Bad,64,30.0,13,20,3,0,67,13.0,6,6,4,0,100,-0.48519611654772077,0,30,72,4,3,1,100,False,17.0,102,75.0
Good,76,163.0,15,66,47,0,100,,7,8,47,0,21,-0.48519611654772077,4,9,82,5,6,1,58,True,148.0,91,100.0
Bad,54,111.0,3,67,6,2,55,3.0,0,2,11,2,0,-0.48519611654772077,4,90,58,4,2,3,83,False,108.0,148,54.54545454545455
Good,88,161.0,4,97,29,0,100,,7,8,33,3,48,-0.48519611654772077,2,7,58,1,1,0,33,True,157.0,65,87.87878787878788
Good,77,218.0,17,116,28,0,97,25.0,6,6,29,0,31,-0.48519611654772077,0,6,86,6,2,1,69,False,201.0,92,96.55172413793103
Bad,60,214.0,8,86,29,1,94,1.0,4,4,31,2,26,-0.48519611654772077,1,71,23,3,4,1,62,False,206.0,94,93.54838709677419
Good,84,192.0,22,95,18,0,100,,7,8,18,0,22,2.4914458498071324,0,18,63,2,2,0,44,True,170.0,81,100.0
Bad,55,321.0,3,102,7,0,64,2.0,4,5,11,1,27,-0.48519611654772077,0,87,100,3,2,2,100,False,318.0,187,63.63636363636363
Good,82,231.0,13,158,15,0,100,,7,8,17,0,24,,1,31,58,4,1,1,56,True,218.0,89,88.23529411764706
Bad,58,138.0,15,65,9,6,60,14.0,6,2,17,0,60,-0.48519611654772077,0,38,58,3,1,0,80,False,123.0,96,52.94117647058823
Bad,62,140.0,10,75,6,2,50,6.0,1,2,10,1,50,-0.48519611654772077,2,52,89,2,2,1,100,False,130.0,141,60.0
Good,80,263.0,6,106,26,0,92,14.0,6,6,26,2,23,-0.48519611654772077,0,14,17,4,2,1,54,False,257.0,31,100.0
Bad,68,155.0,13,48,10,2,90,8.0,4,6,12,0,40,-0.48519611654772077,0,59,49,3,4,0,100,False,142.0,108,83.33333333333333
Good,74,390.0,1,98,37,0,100,,7,8,38,5,24,-0.48519611654772077,3,22,64,4,1,1,33,True,389.0,86,97.36842105263158
Bad,67,259.0,6,91,41,0,93,0.0,4,6,53,1,26,,0,51,58,7,1,3,83,True,253.0,109,77.35849056603773
Good,64,233.0,6,89,39,0,100,,7,8,39,1,33,-0.48519611654772077,1,63,82,7,7,3,78,True,227.0,145,100.0
Good,82,336.0,4,106,23,0,100,,7,8,23,1,22,-0.48519611654772077,2,2,56,2,2,0,31,True,332.0,58,100.0
Good,57,232.0,3,83,21,0,63,0.0,4,6,24,3,29,0.36527301669652296,1,90,36,10,2,4,93,False,229.0,126,87.5
Good,86,235.0,7,111,20,0,100,,7,8,20,1,25,-0.48519611654772077,0,12,70,7,2,0,90,True,228.0,82,100.0
Good,88,331.0,3,113,20,0,100,,7,8,28,1,24,1.0031248666297057,0,10,58,4,3,0,70,True,328.0,68,71.42857142857143
Good,62,172.0,7,70,37,1,90,7.0,4,5,60,2,63,,0,44,53,6,3,1,71,True,165.0,97,61.666666666666664
Good,89,274.0,11,125,15,0,100,,7,8,15,1,20,2.916680416429254,0,6,96,3,2,0,50,True,263.0,102,100.0
Bad,75,194.0,2,78,12,0,100,,7,8,13,2,62,,1,97,86,4,3,3,100,True,192.0,183,92.3076923076923
Good,73,131.0,6,54,11,0,100,,7,8,11,1,27,-0.48519611654772077,2,76,98,5,1,2,100,True,125.0,174,100.0
Bad,63,380.0,3,94,20,2,100,,0,8,20,3,50,-0.48519611654772077,7,37,35,5,2,1,78,True,377.0,72,100.0
Bad,69,306.0,8,48,21,0,91,18.0,6,6,37,1,27,,1,38,77,5,3,2,50,True,298.0,115,56.75675675675676
Good,78,263.0,23,102,19,0,95,31.0,6,6,19,0,42,2.4914458498071324,0,17,29,6,3,0,82,False,240.0,46,100.0
Good,78,311.0,5,72,17,0,100,,7,8,17,3,35,,1,32,58,2,2,1,57,True,306.0,90,100.0
Good,63,207.0,5,87,19,0,100,,7,8,20,2,20,-0.48519611654772077,2,10,32,3,3,0,46,True,202.0,42,95.0
Bad,75,125.0,10,64,7,0,86,6.0,4,6,7,1,43,1.6409767165628886,0,5,79,1,2,0,60,False,115.0,84,100.0
Good,90,230.0,9,84,26,0,100,,7,8,28,2,57,1.4283594332518275,0,1,85,1,3,0,44,True,221.0,86,92.85714285714286
Good,59,189.0,3,107,16,0,60,8.0,4,5,20,1,25,,0,78,96,5,2,2,88,True,186.0,174,80.0
Good,92,279.0,1,167,4,0,100,,7,8,5,1,0,-0.48519611654772077,0,4,58,2,2,0,100,True,278.0,62,80.0
Bad,83,160.0,12,83,24,0,96,24.0,6,5,26,0,19,-0.48519611654772077,0,1,19,4,2,0,46,False,148.0,20,92.3076923076923
Good,84,184.0,4,98,22,0,100,,7,8,23,1,57,-0.48519611654772077,2,6,58,2,2,0,50,True,180.0,64,95.65217391304348
Bad,65,79.0,22,54,6,0,75,8.0,4,5,8,0,38,,1,77,58,4,1,0,100,True,57.0,135,75.0
Bad,61,344.0,2,87,21,1,86,2.0,4,6,22,5,45,,4,39,77,2,6,1,67,True,342.0,116,95.45454545454545
Good,85,142.0,75,106,4,0,100,,7,8,4,0,0,-0.48519611654772077,0,37,58,4,2,0,100,True,67.0,95,100.0
Bad,60,21.0,9,13,3,1,100,,6,8,3,2,33,,0,94,58,2,1,2,100,True,12.0,152,100.0
Good,85,192.0,5,92,24,0,100,,7,8,26,2,46,0.5778903000075839,1,2,91,4,2,0,67,True,187.0,93,92.3076923076923
Good,84,140.0,5,74,22,0,100,,7,8,24,2,14,-0.48519611654772077,1,36,22,1,2,0,30,True,135.0,58,91.66666666666667
Good,85,251.0,3,66,56,0,100,,7,8,61,4,26,-0.48519611654772077,4,1,58,7,1,0,36,True,248.0,59,91.80327868852459
Good,80,261.0,8,104,22,0,100,,7,8,22,1,59,,1,39,76,3,2,1,71,True,253.0,115,100.0
Good,69,183.0,7,46,21,1,86,20.0,6,2,22,2,45,-0.48519611654772077,1,36,75,1,4,0,56,False,176.0,111,95.45454545454545
Bad,72,247.0,5,93,19,1,90,6.0,4,3,23,3,19,-0.48519611654772077,4,46,89,2,2,1,67,False,242.0,135,82.6086956521739
Good,61,159.0,10,30,12,1,100,,6,8,37,2,33,1.6409767165628886,0,55,66,4,2,0,100,True,149.0,121,32.432432432432435
Bad,50,214.0,3,77,22,0,83,1.0,4,6,24,3,46,-0.48519611654772077,2,82,69,12,6,6,100,False,211.0,151,91.66666666666667
Good,54,123.0,6,54,21,0,88,4.0,4,6,26,3,42,-0.48519611654772077,0,63,45,4,3,1,78,False,117.0,108,80.76923076923077
Bad,72,216.0,2,79,23,1,85,40.0,6,2,27,4,41,-0.48519611654772077,0,47,58,3,2,1,56,False,214.0,105,85.18518518518519
Good,83,364.0,3,106,22,1,91,27.0,6,3,28,2,13,-0.48519611654772077,4,17,58,4,1,0,63,False,361.0,75,78.57142857142857
Bad,84,73.0,6,40,6,0,100,,7,8,6,1,67,-0.48519611654772077,1,1,91,1,2,0,100,True,67.0,92,100.0
Bad,61,196.13915857605178,3,58,12,4,83,18.0,6,6,12,2,33,-0.48519611654772077,2,68,65,4,3,0,64,False,193.13915857605178,133,100.0
Good,69,138.0,22,71,8,1,80,38.0,6,5,10,0,70,-0.48519611654772077,3,30,39,4,2,1,100,False,116.0,69,80.0
Bad,87,213.0,5,90,15,0,100,,7,8,15,2,27,-0.48519611654772077,1,3,58,4,1,0,56,True,208.0,61,100.0
Good,91,538.0,47,212,12,0,100,,7,8,12,0,17,-0.48519611654772077,0,4,58,1,2,0,14,True,491.0,62,100.0
Bad,73,168.0,6,75,25,0,100,,7,8,25,2,52,-0.48519611654772077,0,91,66,3,3,1,75,True,162.0,157,100.0
Good,70,204.0,20,114,27,0,85,4.0,4,6,27,0,19,-0.48519611654772077,0,8,58,2,1,0,50,False,184.0,66,100.0
Bad,70,37.0,4,20,19,0,100,,7,8,20,2,20,-0.48519611654772077,3,42,73,2,2,1,50,True,33.0,115,95.0
Bad,65,146.0,7,58,29,1,97,13.0,6,6,33,1,39,,5,7,88,1,2,0,33,True,139.0,95,87.87878787878788
Bad,65,56.0,1,35,37,0,100,,7,8,39,3,13,-0.48519611654772077,0,65,93,15,2,8,62,True,55.0,158,94.87179487179488
Bad,81,158.0,13,71,34,0,97,42.0,6,6,37,0,42,-0.2725788332366598,1,9,86,3,5,0,47,False,145.0,95,91.89189189189189
Bad,59,187.0,2,62,17,0,80,50.0,6,5,20,4,20,3.767149549673498,0,69,58,9,1,3,85,False,185.0,127,85.0
Bad,73,85.0,6,38,10,0,100,,7,8,10,2,50,-0.48519611654772077,1,81,58,1,1,0,50,True,79.0,139,100.0
Bad,75,70.0,1,38,8,0,100,,7,8,9,1,78,-0.48519611654772077,3,17,58,2,1,1,100,True,69.0,75,88.88888888888889
Good,73,135.0,3,93,6,1,75,79.0,6,4,12,1,67,-0.2725788332366598,3,0,118,0,2,1,67,False,132.0,118,50.0
Bad,66,188.0,3,80,17,0,88,4.0,4,6,17,3,82,-0.2725788332366598,3,6,95,1,7,1,89,False,185.0,101,100.0
Bad,66,187.0,4,38,18,0,95,62.0,6,5,22,5,36,-0.48519611654772077,4,46,79,6,4,1,92,False,183.0,125,81.81818181818181
Good,80,255.0,3,55,23,0,100,,7,8,23,3,17,-0.059961549925598906,5,2,58,2,1,0,20,True,252.0,60,100.0
Good,77,161.0,2,69,20,0,96,25.0,6,6,23,3,4,2.916680416429254,0,14,58,4,2,1,38,False,159.0,72,86.95652173913044
Good,61,308.0,3,67,58,1,98,10.0,0,2,71,8,21,0.36527301669652296,1,53,41,3,3,0,64,False,305.0,94,81.69014084507042
Bad,73,163.0,13,85,27,0,97,52.0,6,6,29,0,41,-0.48519611654772077,0,34,39,4,2,2,60,False,150.0,73,93.10344827586206
Bad,71,218.0,22,75,22,0,96,27.0,6,5,24,0,39,-0.2725788332366598,2,3,23,4,1,1,56,False,196.0,26,91.66666666666667
Good,87,304.0,7,91,23,0,100,,7,8,24,1,63,-0.48519611654772077,0,8,73,5,2,0,78,True,297.0,81,95.83333333333333
Good,90,240.0,1,96,20,0,100,,7,8,22,1,32,-0.48519611654772077,0,0,77,2,3,0,36,True,239.0,77,90.9090909090909
Good,83,183.0,14,73,17,0,100,,7,8,17,0,35,2.4914458498071324,0,20,58,3,1,0,44,True,169.0,78,100.0
Good,88,166.0,3,92,10,0,100,,7,8,10,1,40,-0.48519611654772077,2,0,96,0,1,0,25,True,163.0,96,100.0
Good,80,173.0,8,62,17,0,100,,7,8,18,2,67,-0.48519611654772077,1,21,93,3,3,0,100,True,165.0,114,94.44444444444444
Good,73,354.0,13,80,25,0,100,,7,8,25,0,8,2.704063133118193,0,36,58,10,1,2,61,True,341.0,94,100.0
Bad,69,71.0,9,38,11,1,100,,7,8,12,1,55,-0.48519611654772077,0,39,69,2,3,1,63,True,62.0,108,91.66666666666667
Good,71,178.0,2,68,47,1,98,8.0,4,6,62,2,6,-0.48519611654772077,5,7,58,5,1,0,40,False,176.0,65,75.80645161290323
Good,84,131.0,14,84,22,0,100,,7,8,22,0,36,3.5545322663624375,0,9,37,2,4,0,100,True,117.0,46,100.0
Bad,81,172.0,8,58,23,0,100,,7,8,23,1,35,-0.48519611654772077,0,17,58,5,2,0,57,True,164.0,75,100.0
Bad,64,91.0,3,38,40,0,100,,7,8,40,3,28,-0.48519611654772077,13,21,61,6,4,1,42,True,88.0,82,100.0
Good,85,246.0,56,166,6,0,100,,7,8,6,0,17,-0.48519611654772077,2,0,58,1,2,1,33,True,190.0,58,100.0
Bad,68,116.0,1,51,20,0,100,,7,8,21,2,24,-0.48519611654772077,2,50,58,6,1,2,64,True,115.0,108,95.23809523809524
Bad,56,176.0,4,63,34,0,86,5.0,4,6,35,4,60,-0.48519611654772077,7,48,90,5,3,3,62,False,172.0,138,97.14285714285714
Bad,66,177.0,4,60,37,0,97,,6,7,37,6,65,-0.48519611654772077,3,72,66,4,5,3,82,True,173.0,138,100.0
Bad,74,42.0,10,27,8,0,100,,7,8,8,2,25,4.405001399606681,0,41,76,2,2,1,57,True,32.0,117,100.0
Bad,75,255.0,5,102,30,0,100,,7,8,32,2,13,-0.48519611654772077,1,39,95,7,2,4,53,True,250.0,134,93.75
Bad,62,159.0,6,67,14,0,86,3.0,4,6,18,3,36,-0.48519611654772077,2,71,93,2,3,1,83,False,153.0,164,77.77777777777777
Good,82,292.0,35,137,19,0,95,25.0,6,6,20,0,11,-0.48519611654772077,2,2,58,1,2,0,30,False,257.0,60,95.0
Bad,70,386.0,5,92,25,0,100,,7,8,25,3,56,-0.48519611654772077,4,67,89,4,4,2,89,True,381.0,156,100.0
Bad,74,168.0,2,85,23,0,96,13.0,6,6,24,3,17,-0.48519611654772077,0,40,95,7,2,0,64,False,166.0,135,95.83333333333333
Bad,64,127.0,7,66,20,5,70,6.0,4,2,23,1,52,-0.48519611654772077,0,0,79,1,4,1,86,False,120.0,79,86.95652173913044
Bad,70,333.0,1,49,13,2,100,,6,8,20,2,36,,3,8,96,1,3,0,50,True,332.0,104,65.0
Good,69,271.0,2,101,22,0,100,,7,8,23,1,17,-0.059961549925598906,4,32,35,9,2,3,69,True,269.0,67,95.65217391304348
Bad,89,474.0,49,184,8,0,100,,7,8,15,0,0,-0.48519611654772077,0,30,58,4,2,1,67,True,425.0,88,53.333333333333336
Good,68,276.0,2,59,27,1,100,,6,8,31,2,42,-0.48519611654772077,4,9,70,3,4,0,47,True,274.0,79,87.09677419354838
Good,75,260.0,5,101,9,1,58,28.0,6,4,12,2,33,-0.48519611654772077,1,12,99,2,2,0,44,False,255.0,111,75.0
Bad,64,152.0,3,80,31,0,94,3.0,4,6,42,2,22,2.06621128318501,0,18,58,6,1,1,50,False,149.0,76,73.80952380952381
Good,81,325.0,9,117,20,0,95,35.0,6,5,21,3,52,1.6409767165628886,0,3,31,2,2,0,63,False,316.0,34,95.23809523809524
Bad,66,210.0,5,74,31,1,97,13.0,6,6,34,3,67,-0.48519611654772077,1,30,90,3,2,0,56,False,205.0,120,91.17647058823529
Bad,84,210.0,3,68,16,0,100,,7,8,16,3,56,0.7905075833186448,0,2,58,2,5,0,73,True,207.0,60,100.0
Bad,75,382.0,40,123,13,0,92,24.0,6,6,13,0,8,-0.48519611654772077,0,31,58,4,2,1,67,False,342.0,89,100.0
Good,74,208.0,4,76,14,0,94,74.0,6,6,16,1,63,-0.48519611654772077,3,63,91,5,1,0,86,False,204.0,154,87.5
Good,84,170.0,4,67,16,0,100,,7,8,17,4,53,0.36527301669652296,2,1,68,1,4,0,56,True,166.0,69,94.11764705882354
Bad,63,62.0,6,31,8,0,100,,7,8,8,2,25,-0.48519611654772077,3,91,139,5,1,1,86,True,56.0,230,100.0
Bad,58,194.0,5,83,23,1,85,2.0,2,4,26,2,35,-0.48519611654772077,0,72,95,9,2,3,92,False,189.0,167,88.46153846153847
Bad,70,69.0,18,44,10,0,100,,7,8,10,0,20,-0.48519611654772077,4,70,53,3,1,2,57,True,51.0,123,100.0
Bad,73,250.0,6,67,42,0,100,,7,8,47,2,49,-0.48519611654772077,1,50,86,4,7,1,69,True,244.0,136,89.36170212765957
Good,83,228.0,2,95,46,0,100,,7,8,51,3,33,-0.2725788332366598,1,26,100,2,1,1,27,True,226.0,126,90.19607843137256
Bad,66,208.0,9,68,18,1,94,33.0,6,6,18,2,39,-0.48519611654772077,2,0,5,1,3,1,83,False,199.0,5,100.0
Good,76,163.0,5,80,44,0,100,,7,8,68,2,28,,1,14,57,8,3,2,58,True,158.0,71,64.70588235294117
Bad,57,181.0,4,69,28,0,84,5.0,4,5,32,4,31,-0.48519611654772077,2,78,83,3,3,2,78,False,177.0,161,87.5
Good,73,445.0,15,125,12,0,83,21.0,6,6,12,0,42,-0.48519611654772077,1,55,58,4,1,1,100,False,430.0,113,100.0
Good,80,163.0,1,65,27,0,97,41.0,6,6,29,1,45,1.8535939998739495,0,23,58,5,1,0,67,False,162.0,81,93.10344827586206
Bad,72,354.0,4,105,22,0,100,,7,8,24,5,29,-0.48519611654772077,0,89,77,7,3,5,92,True,350.0,166,91.66666666666667
Good,85,225.0,0,78,42,0,100,,7,8,45,3,38,-0.48519611654772077,1,6,92,3,2,0,31,True,225.0,98,93.33333333333333
Bad,79,222.0,6,94,24,0,100,,7,8,24,2,42,1.4283594332518275,0,82,48,2,4,1,88,True,216.0,130,100.0
Good,67,144.0,21,62,22,0,86,6.0,4,6,22,0,59,-0.2725788332366598,2,11,58,2,3,1,100,False,123.0,69,100.0
Bad,72,185.0,3,75,24,0,96,52.0,6,6,26,2,38,-0.48519611654772077,2,43,88,5,2,2,70,False,182.0,131,92.3076923076923
Bad,69,175.0,5,58,20,0,85,19.0,6,6,20,3,25,0.5778903000075839,1,10,73,4,3,0,64,False,170.0,83,100.0
Good,80,162.0,9,82,22,0,100,,7,8,24,1,58,-0.48519611654772077,0,79,45,2,2,1,80,True,153.0,124,91.66666666666667
Bad,59,30.0,2,12,2,1,100,,7,8,4,2,33,-0.48519611654772077,4,40,58,1,1,0,67,True,28.0,98,50.0
Bad,77,276.0,41,145,19,0,100,,7,8,19,0,21,,1,59,36,6,2,1,62,True,235.0,95,100.0
Bad,65,142.0,4,45,16,0,94,0.0,4,6,16,4,25,,3,19,59,4,3,1,70,True,138.0,78,100.0
Bad,70,151.0,2,79,38,0,95,24.0,6,6,39,1,21,-0.48519611654772077,1,29,84,14,3,2,81,False,149.0,113,97.43589743589743
Good,75,234.0,2,88,40,0,100,,7,8,41,2,32,-0.059961549925598906,1,10,53,5,4,0,45,True,232.0,63,97.5609756097561
Good,85,226.0,2,84,14,0,100,,7,8,27,1,13,-0.059961549925598906,1,6,58,6,2,0,75,True,224.0,64,51.851851851851855
Bad,55,117.0,12,49,16,0,95,1.0,4,6,20,0,15,-0.48519611654772077,2,42,58,6,1,3,58,False,105.0,100,80.0
Bad,75,175.0,1,74,22,1,96,44.0,6,3,25,2,36,-0.48519611654772077,3,64,58,2,3,1,50,False,174.0,122,88.0
Good,84,174.0,3,92,17,0,100,,7,8,18,1,53,-0.48519611654772077,10,6,58,2,4,0,86,True,171.0,64,94.44444444444444
Good,82,356.0,4,85,34,0,100,,7,8,34,3,21,-0.48519611654772077,1,2,58,5,1,0,35,True,352.0,60,100.0
Bad,64,56.0,14,35,2,1,100,,0,8,4,0,100,-0.48519611654772077,0,30,80,4,2,1,100,True,42.0,110,50.0
Bad,80,271.0,9,62,12,0,92,9.0,4,6,12,1,33,,0,29,50,1,2,0,60,True,262.0,79,100.0
Bad,56,166.0,2,55,28,2,78,1.0,4,2,32,3,28,-0.2725788332366598,1,43,85,13,4,4,81,False,164.0,128,87.5
Bad,70,127.0,25,57,23,0,96,13.0,6,6,24,0,13,-0.48519611654772077,0,51,58,9,2,1,67,False,102.0,109,95.83333333333333
Bad,54,225.0,0,79,44,2,75,3.0,3,2,63,6,25,-0.2725788332366598,5,18,77,10,4,0,80,False,225.0,95,69.84126984126983
Good,73,219.0,4,88,23,0,100,,7,8,24,3,46,-0.48519611654772077,1,45,88,6,2,1,89,True,215.0,133,95.83333333333333
Good,75,105.0,2,53,22,0,100,,7,8,25,5,56,-0.48519611654772077,1,31,21,5,3,1,80,True,103.0,52,88.0
Bad,68,199.0,2,90,28,0,97,54.0,6,6,29,3,34,-0.2725788332366598,1,60,42,4,2,2,67,False,197.0,102,96.55172413793103
Bad,79,190.0,3,53,27,0,100,,7,8,28,2,4,,0,55,58,2,2,1,50,True,187.0,113,96.42857142857143
Good,79,125.0,9,57,29,0,100,,7,8,33,1,45,,1,1,71,1,4,0,45,True,116.0,72,87.87878787878788
Good,84,138.0,3,69,13,0,100,,7,8,13,2,31,-0.48519611654772077,0,26,58,3,1,0,80,True,135.0,84,100.0
Bad,62,354.0,1,45,23,0,100,,7,8,29,9,21,-0.2725788332366598,5,48,94,10,3,2,65,True,353.0,142,79.3103448275862
Bad,63,97.0,9,44,9,6,71,58.0,6,2,17,4,29,-0.48519611654772077,4,69,58,1,1,1,50,False,88.0,127,52.94117647058823
Good,85,186.0,8,83,22,0,100,,7,8,22,2,18,3.9797668329845592,0,9,79,2,2,0,36,True,178.0,88,100.0
Good,79,192.0,10,69,18,0,100,,7,8,18,1,28,,1,24,78,5,2,0,78,True,182.0,102,100.0
Bad,75,241.0,5,68,37,0,100,,7,8,37,1,43,-0.48519611654772077,0,25,67,3,3,2,43,True,236.0,92,100.0
Good,65,340.0,0,95,21,1,85,65.0,6,5,26,3,81,-0.48519611654772077,0,36,59,2,6,1,89,False,340.0,95,80.76923076923077
Good,70,78.0,4,50,23,0,96,11.0,4,6,24,1,46,0.15265573338546204,2,48,76,2,5,0,78,False,74.0,124,95.83333333333333
Good,84,93.0,4,37,7,0,100,,7,8,7,4,29,,3,16,58,2,1,0,75,True,89.0,74,100.0
Good,81,302.0,23,145,9,0,90,53.0,6,5,10,0,30,3.9797668329845592,0,1,75,2,2,0,80,False,279.0,76,90.0
Good,88,294.0,5,84,15,0,100,,7,8,15,2,53,0.36527301669652296,1,2,82,2,2,0,50,True,289.0,84,100.0
Good,81,165.0,12,95,17,0,100,,7,8,18,0,50,-0.48519611654772077,0,21,29,2,2,1,80,True,153.0,50,94.44444444444444
Bad,63,207.0,11,74,45,0,100,,7,8,46,1,13,1.0031248666297057,0,85,20,10,2,5,57,True,196.0,105,97.82608695652173
Bad,72,165.0,3,69,19,0,84,9.0,4,6,25,3,52,-0.48519611654772077,3,0,95,0,3,0,50,False,162.0,95,76.0
Good,74,170.0,2,10,3,0,100,,7,8,24,3,25,-0.48519611654772077,3,2,58,2,1,0,75,True,168.0,60,12.5
Bad,62,58.0,3,18,4,0,100,,7,8,4,3,25,-0.059961549925598906,6,99,97,3,1,1,100,True,55.0,196,100.0
Bad,59,277.0,9,95,16,1,76,0.0,4,5,18,1,12,0.15265573338546204,1,25,80,6,1,1,54,False,268.0,105,88.88888888888889
Good,80,233.0,1,57,30,0,100,,7,8,31,6,16,-0.48519611654772077,1,9,70,3,2,1,42,True,232.0,79,96.7741935483871
Good,79,71.0,3,33,12,0,100,,7,8,12,3,25,1.8535939998739495,0,11,94,3,2,0,56,True,68.0,105,100.0
Good,71,178.0,12,103,28,0,90,18.0,6,5,31,0,28,-0.2725788332366598,1,56,58,7,1,1,89,False,166.0,114,90.3225806451613
Bad,70,55.0,0,20,6,0,100,,7,8,11,6,18,-0.48519611654772077,6,28,36,3,2,0,45,True,55.0,64,54.54545454545455
Bad,57,172.0,56,116,10,12,58,20.0,0,2,21,0,17,-0.48519611654772077,0,12,58,2,2,1,67,False,116.0,70,47.61904761904762
Good,71,114.0,11,80,12,0,92,13.0,6,6,12,1,33,-0.48519611654772077,0,42,84,3,2,1,71,False,103.0,126,100.0
Good,73,264.0,3,71,29,0,93,25.0,6,6,29,5,21,-0.48519611654772077,0,14,72,9,3,0,62,False,261.0,86,100.0
Bad,57,304.0,16,79,11,0,73,2.0,4,6,11,0,36,-0.48519611654772077,1,85,36,5,3,1,100,False,288.0,121,100.0
Bad,70,252.0,3,73,20,2,88,31.0,6,3,24,4,67,-0.059961549925598906,1,16,93,3,2,0,63,False,249.0,109,83.33333333333333
Bad,72,196.13915857605178,2,16,4,0,100,,7,8,6,3,50,,0,29,100,2,2,0,67,True,194.13915857605178,129,66.66666666666667
Good,78,292.0,11,79,16,0,100,,7,8,16,1,44,-0.48519611654772077,2,33,85,2,3,1,71,True,281.0,118,100.0
Good,86,276.0,7,77,18,0,100,,7,8,18,2,28,-0.48519611654772077,0,7,88,4,2,0,60,True,269.0,95,100.0
Bad,84,325.0,2,107,13,0,100,,7,8,14,2,29,-0.2725788332366598,1,19,98,4,3,0,70,True,323.0,117,92.85714285714286
Good,84,315.0,7,150,20,0,95,42.0,6,6,20,1,25,-0.48519611654772077,0,13,89,5,2,0,64,False,308.0,102,100.0
Bad,74,139.0,1,61,27,0,93,29.0,6,6,28,4,25,-0.48519611654772077,1,19,21,2,3,1,42,False,138.0,40,96.42857142857143
Bad,64,181.0,4,48,26,1,93,6.0,4,2,27,4,59,-0.48519611654772077,1,30,37,4,4,2,69,False,177.0,67,96.29629629629629
Bad,64,50.0,7,26,14,2,100,,6,8,15,3,43,1.2157421499407666,0,64,77,3,3,1,55,True,43.0,141,93.33333333333333
Bad,54,336.0,13,93,17,1,89,4.0,2,4,18,0,33,-0.48519611654772077,4,65,53,4,2,2,75,False,323.0,118,94.44444444444444
Good,79,196.0,3,50,13,0,100,,7,8,13,3,46,-0.48519611654772077,0,48,58,2,1,2,60,True,193.0,106,100.0
Good,82,247.0,1,90,25,0,100,,7,8,29,2,24,,0,29,58,6,1,1,54,True,246.0,87,86.20689655172414
Good,70,298.0,5,71,24,0,96,81.0,6,6,47,6,13,-0.48519611654772077,2,29,58,3,1,1,36,False,293.0,87,51.06382978723404
Good,64,60.0,11,26,6,0,86,11.0,3,5,7,1,43,-0.48519611654772077,0,95,58,2,1,0,75,False,49.0,153,85.71428571428571
Bad,54,117.0,7,63,18,1,77,3.0,4,5,23,1,41,-0.48519611654772077,0,26,93,3,2,1,50,False,110.0,119,78.26086956521739
Good,67,74.0,2,35,12,0,92,10.0,4,6,13,3,31,,7,23,58,5,1,0,75,True,72.0,81,92.3076923076923
Good,61,150.0,9,36,5,0,83,11.0,4,6,6,2,33,-0.48519611654772077,0,69,74,3,2,1,100,False,141.0,143,83.33333333333333
Bad,79,340.0,4,80,52,0,96,10.0,4,6,77,2,13,0.7905075833186448,0,2,58,2,1,0,12,False,336.0,60,67.53246753246754
Bad,61,215.0,14,120,16,0,89,4.0,4,6,18,0,39,-0.48519611654772077,2,45,58,5,1,2,67,False,201.0,103,88.88888888888889
Good,87,150.0,27,77,27,0,100,,7,8,27,0,30,-0.059961549925598906,1,4,3,4,2,0,55,True,123.0,7,100.0
Good,75,234.0,0,73,34,0,97,30.0,6,5,45,6,11,-0.48519611654772077,2,11,88,6,2,1,33,False,234.0,99,75.55555555555556
Bad,64,192.0,1,76,22,0,96,16.0,6,6,25,2,32,-0.48519611654772077,0,67,64,6,4,4,77,False,191.0,131,88.0
Bad,65,208.0,3,56,14,1,88,57.0,0,5,43,4,13,,4,14,58,5,1,3,55,True,205.0,72,32.55813953488372
Bad,76,66.0,2,31,5,0,100,,7,8,7,3,0,-0.48519611654772077,1,47,58,3,2,2,100,True,64.0,105,71.42857142857143
Bad,79,157.0,1,51,20,0,100,,7,8,38,4,14,-0.2725788332366598,1,11,58,3,2,2,27,True,156.0,69,52.63157894736842
Bad,55,127.0,9,60,28,0,80,7.0,3,5,30,2,47,-0.48519611654772077,0,69,142,7,9,1,89,False,118.0,211,93.33333333333333
Good,79,196.13915857605178,7,104,20,0,95,27.0,6,6,20,2,55,,0,27,49,5,3,0,100,True,189.13915857605178,76,100.0
Bad,60,264.0,22,53,10,2,100,,0,8,12,0,40,-0.48519611654772077,1,92,63,4,2,2,86,True,242.0,155,83.33333333333333
Bad,55,101.0,4,29,12,0,92,2.0,4,6,13,3,38,-0.48519611654772077,0,43,83,5,3,2,100,False,97.0,126,92.3076923076923
Bad,80,180.0,23,118,15,0,100,,7,8,27,0,7,1.6409767165628886,0,42,58,2,2,1,33,True,157.0,100,55.55555555555556
Good,72,413.0,10,70,31,0,97,54.0,6,6,31,2,74,-0.48519611654772077,1,25,58,2,1,1,43,False,403.0,83,100.0
Good,68,265.0,4,93,31,1,91,6.0,4,6,34,1,62,-0.48519611654772077,0,0,69,1,9,0,85,False,261.0,69,91.17647058823529
Bad,60,343.0,5,58,5,1,67,1.0,4,5,10,2,17,0.7905075833186448,0,5,93,4,1,0,83,False,338.0,98,50.0
Bad,69,163.0,7,69,28,0,100,,7,8,29,3,41,-0.2725788332366598,3,52,79,8,3,2,75,True,156.0,131,96.55172413793103
Bad,72,252.0,1,47,14,0,94,39.0,6,6,16,6,31,-0.48519611654772077,2,49,71,3,3,0,78,False,251.0,120,87.5
Good,84,411.0,23,91,10,0,100,,6,8,11,0,36,-0.48519611654772077,0,17,58,2,2,0,100,True,388.0,75,90.9090909090909
Good,82,271.0,2,79,25,0,100,,7,8,33,3,31,-0.059961549925598906,1,2,74,4,2,0,50,True,269.0,76,75.75757575757575
Bad,63,20.0,3,10,15,0,100,,7,8,15,11,13,-0.48519611654772077,6,18,91,4,2,1,40,True,17.0,109,100.0
Bad,57,119.0,7,7,3,0,100,,7,8,7,3,0,,6,84,58,3,2,1,100,True,112.0,142,42.857142857142854
Good,78,126.0,7,58,41,0,100,,7,8,45,2,51,-0.48519611654772077,2,14,75,3,5,0,50,True,119.0,89,91.11111111111111
Good,91,455.0,10,202,11,0,100,,7,8,11,1,18,,1,5,58,1,1,0,33,True,445.0,63,100.0
Good,71,207.0,14,147,26,0,89,8.0,4,6,28,0,36,,0,1,58,3,2,0,64,True,193.0,59,92.85714285714286
Good,70,132.0,2,64,20,1,92,6.0,4,6,26,4,4,-0.48519611654772077,1,1,58,1,2,0,13,False,130.0,59,76.92307692307692
Bad,60,92.0,16,58,19,3,78,5.0,3,2,23,0,57,,2,51,58,2,1,0,60,True,76.0,109,82.6086956521739
Good,78,108.0,2,43,17,0,100,,7,8,18,4,39,,2,15,50,4,3,1,78,True,106.0,65,94.44444444444444
Good,84,199.0,14,114,22,0,100,,6,7,22,0,36,1.0031248666297057,0,11,33,6,2,0,57,True,185.0,44,100.0
Good,66,190.0,3,94,33,1,97,13.0,6,6,33,1,55,-0.48519611654772077,4,23,79,2,4,0,75,False,187.0,102,100.0
Good,86,249.0,5,87,30,0,100,,7,8,32,1,25,0.15265573338546204,5,6,95,1,1,0,67,True,244.0,101,93.75
Bad,65,216.0,6,80,19,0,70,7.0,4,5,20,1,30,-0.48519611654772077,0,21,58,2,1,0,38,False,210.0,79,95.0
Bad,75,206.0,4,65,15,2,88,78.0,6,2,17,1,53,,1,0,58,0,1,0,33,True,202.0,58,88.23529411764706
Good,69,252.0,3,90,44,0,91,7.0,4,5,46,4,20,0.36527301669652296,1,23,100,11,2,1,78,False,249.0,123,95.65217391304348
Bad,61,96.0,3,28,9,1,80,8.0,4,2,16,3,40,,0,26,99,3,2,1,63,True,93.0,125,56.25
Good,80,93.0,2,34,13,0,100,,7,8,15,3,40,1.0031248666297057,0,6,84,3,3,0,67,True,91.0,90,86.66666666666667
Good,62,190.0,4,80,29,0,74,13.0,6,5,31,3,45,-0.48519611654772077,0,60,82,6,8,1,100,False,186.0,142,93.54838709677419
Good,60,143.0,1,78,34,0,86,24.0,6,5,37,1,30,-0.48519611654772077,0,75,58,5,1,3,67,False,142.0,133,91.89189189189189
Bad,64,201.0,3,78,58,0,95,59.0,6,6,58,6,21,-0.48519611654772077,3,35,99,9,4,3,39,False,198.0,134,100.0
Bad,62,87.0,9,42,10,1,83,5.0,3,5,12,2,33,-0.2725788332366598,1,14,90,4,1,1,63,False,78.0,104,83.33333333333333
Bad,62,172.0,4,71,29,0,86,2.0,4,6,29,2,28,,1,32,50,2,4,2,50,True,168.0,82,100.0
Bad,69,165.0,4,62,12,0,92,75.0,6,6,12,2,58,-0.48519611654772077,1,97,71,4,1,3,100,False,161.0,168,100.0
Bad,85,358.0,36,157,4,0,80,55.0,6,5,5,0,0,-0.48519611654772077,0,0,58,0,2,0,0,False,322.0,58,80.0
Good,81,118.0,2,60,6,0,100,,7,8,7,1,14,-0.48519611654772077,3,6,58,2,2,1,50,True,116.0,64,85.71428571428571
Good,85,158.0,16,70,8,0,100,,7,8,8,0,25,0.7905075833186448,0,20,80,3,2,0,83,True,142.0,100,100.0
Good,86,191.0,7,82,27,0,100,,7,8,28,1,22,1.0031248666297057,0,0,58,0,1,0,8,True,184.0,58,96.42857142857143
Good,76,185.0,4,69,32,0,97,25.0,6,6,34,3,13,,1,16,54,4,3,0,41,True,181.0,70,94.11764705882354
Good,66,245.0,44,131,12,0,79,1.0,4,5,14,0,36,-0.48519611654772077,1,46,58,3,1,0,100,False,201.0,104,85.71428571428571
Good,76,158.0,2,73,25,0,100,,7,8,27,2,19,-0.48519611654772077,2,23,58,6,3,1,64,True,156.0,81,92.5925925925926
Bad,76,136.0,1,57,20,0,100,,7,8,21,2,33,-0.48519611654772077,0,44,58,5,1,1,60,True,135.0,102,95.23809523809524
Bad,65,287.0,2,82,22,0,100,,7,8,23,3,35,-0.48519611654772077,1,98,96,10,3,4,100,True,285.0,194,95.65217391304348
Bad,59,291.0,6,128,27,4,90,3.0,2,3,31,2,23,-0.2725788332366598,1,42,59,2,3,1,67,False,285.0,101,87.09677419354838
Bad,67,196.13915857605178,7,68,34,0,100,,7,8,39,3,13,,5,90,40,13,4,9,89,True,189.13915857605178,130,87.17948717948718
Good,76,280.0,12,77,25,0,100,,7,8,25,0,40,-0.48519611654772077,0,17,42,2,4,1,50,True,268.0,59,100.0
Bad,72,79.0,2,26,13,0,100,,7,8,15,2,27,-0.48519611654772077,1,28,65,6,3,1,69,True,77.0,93,86.66666666666667
Good,73,288.0,2,82,14,0,93,5.0,4,6,17,1,20,-0.48519611654772077,2,4,69,2,3,0,63,False,286.0,73,82.3529411764706
Bad,67,213.0,1,56,53,0,98,42.0,6,5,59,11,18,-0.059961549925598906,2,22,89,7,5,1,52,False,212.0,111,89.83050847457628
Bad,61,255.0,5,93,34,2,100,,6,8,34,2,53,-0.2725788332366598,7,68,73,7,4,4,79,True,250.0,141,100.0
Good,72,254.0,24,87,20,1,100,,6,8,21,0,38,0.5778903000075839,0,42,9,4,2,2,67,True,230.0,51,95.23809523809524
Good,59,184.0,1,86,21,2,91,0.0,0,6,24,2,55,-0.48519611654772077,5,0,20,0,5,1,60,False,183.0,20,87.5
Bad,70,346.0,3,94,38,1,85,23.0,6,6,40,2,26,-0.48519611654772077,1,36,18,9,2,1,69,False,343.0,54,95.0
Bad,80,61.0,8,37,8,0,100,,7,8,8,1,13,-0.2725788332366598,2,0,58,1,2,0,50,True,53.0,58,100.0
Bad,74,455.0,4,194,20,0,95,43.0,6,6,20,2,25,0.7905075833186448,0,43,96,7,3,1,71,False,451.0,139,100.0
Bad,66,28.0,1,17,4,0,100,,7,8,5,2,60,0.15265573338546204,2,67,58,2,1,0,100,True,27.0,125,80.0
Bad,60,247.0,2,73,31,0,97,72.0,6,6,45,2,50,,2,83,72,12,4,6,94,True,245.0,155,68.88888888888889
Good,57,183.0,4,73,24,0,79,2.0,4,6,24,3,29,-0.2725788332366598,4,59,77,6,3,2,82,False,179.0,136,100.0
Bad,63,380.0,5,125,16,0,71,7.0,4,6,17,1,18,-0.48519611654772077,1,66,58,4,1,3,50,False,375.0,124,94.11764705882354
Good,89,388.0,11,187,16,0,100,,7,8,16,1,13,-0.48519611654772077,0,16,58,4,2,0,45,True,377.0,74,100.0
Good,72,111.0,4,32,21,0,100,,7,8,21,3,24,3.9797668329845592,0,50,100,5,2,2,57,True,107.0,150,100.0
Good,62,262.0,2,93,36,0,100,,7,8,37,1,35,3.5545322663624375,0,92,56,13,5,8,100,True,260.0,148,97.29729729729729
Bad,81,112.0,2,55,17,0,100,,7,8,19,1,47,-0.48519611654772077,1,24,58,1,2,1,33,True,110.0,82,89.47368421052632
Bad,86,263.0,39,109,11,0,100,,7,8,11,0,27,-0.48519611654772077,1,11,58,2,1,0,50,True,224.0,69,100.0
Bad,74,197.0,5,90,30,0,97,13.0,6,6,31,2,16,-0.48519611654772077,0,25,58,6,1,2,54,False,192.0,83,96.7741935483871
Bad,69,72.0,8,44,19,0,100,,7,8,19,2,47,-0.48519611654772077,0,35,33,4,5,0,69,True,64.0,68,100.0
Good,90,246.0,5,81,9,0,100,,7,8,9,1,11,2.2788285664960712,0,10,58,2,2,0,50,True,241.0,68,100.0
Good,81,246.0,12,86,21,0,100,,7,8,22,0,55,-0.48519611654772077,0,0,89,0,6,0,43,True,234.0,89,95.45454545454545
Bad,77,73.0,3,41,22,0,100,,7,8,22,2,27,-0.48519611654772077,1,0,94,1,3,0,29,True,70.0,94,100.0
Bad,82,115.0,4,45,16,0,100,,7,8,16,3,63,-0.48519611654772077,0,0,92,1,3,0,50,True,111.0,92,100.0
Good,72,230.0,21,113,17,0,100,,7,8,17,0,41,1.6409767165628886,0,75,58,7,1,2,89,True,209.0,133,100.0
Bad,74,197.0,1,93,31,0,86,29.0,6,5,35,3,26,-0.48519611654772077,2,28,27,2,4,0,40,False,196.0,55,88.57142857142857
Good,66,174.0,1,75,38,0,100,,7,8,40,5,40,,6,77,60,4,8,3,75,True,173.0,137,95.0
Bad,66,15.0,6,11,2,0,100,,7,8,2,1,100,-0.48519611654772077,0,30,58,4,1,1,100,True,9.0,88,100.0
Good,71,269.0,4,93,26,0,96,9.0,4,6,31,3,23,0.15265573338546204,1,46,58,5,1,2,55,False,265.0,104,83.87096774193549
Good,70,335.0,3,105,35,2,87,34.0,6,4,39,5,33,-0.48519611654772077,2,27,6,10,3,1,88,False,332.0,33,89.74358974358974
Good,82,212.0,22,115,14,0,100,,7,8,15,0,33,,0,45,58,4,2,0,75,True,190.0,103,93.33333333333333
Bad,88,199.0,9,83,17,0,100,,7,8,17,1,24,,0,0,70,0,2,0,50,True,190.0,70,100.0
Good,76,279.0,7,119,43,0,100,,7,8,50,5,18,-0.48519611654772077,0,38,97,8,3,4,55,True,272.0,135,86.0
Bad,86,274.0,39,106,8,0,100,,7,8,8,0,50,-0.48519611654772077,0,0,12,1,1,0,67,True,235.0,12,100.0
Good,78,177.0,1,65,26,0,96,13.0,6,6,28,3,46,,1,4,72,4,5,0,64,True,176.0,76,92.85714285714286
Good,73,207.0,4,68,25,0,96,17.0,6,6,26,4,46,-0.48519611654772077,3,0,58,2,1,0,43,False,203.0,58,96.15384615384616
Good,69,181.0,7,98,21,0,100,,7,8,37,1,33,3.9797668329845592,0,84,94,7,2,4,91,True,174.0,178,56.75675675675676
Good,91,310.0,9,145,16,0,100,,7,8,19,1,53,2.4914458498071324,0,5,58,1,1,0,40,True,301.0,63,84.21052631578948
Bad,63,134.0,2,63,33,0,92,25.0,6,6,37,3,51,0.5778903000075839,0,45,80,10,4,0,88,False,132.0,125,89.1891891891892
Good,77,256.0,3,93,37,0,92,19.0,6,6,39,4,23,0.15265573338546204,1,13,58,3,1,0,31,False,253.0,71,94.87179487179488
Bad,64,179.0,2,85,26,0,100,,7,8,28,4,32,,1,85,38,10,2,6,86,True,177.0,123,92.85714285714286
Good,84,169.0,21,57,15,0,100,,7,8,15,0,33,-0.48519611654772077,1,11,58,3,1,0,57,True,148.0,69,100.0
Bad,80,93.0,5,45,6,0,100,,7,8,6,2,50,,7,7,83,1,1,0,67,True,88.0,90,100.0
Bad,61,388.0,8,80,11,0,82,21.0,6,6,11,2,36,-0.48519611654772077,1,71,58,4,1,3,63,False,380.0,129,100.0
Bad,80,250.0,5,92,40,0,100,,7,8,42,3,17,-0.48519611654772077,2,19,58,7,1,1,45,True,245.0,77,95.23809523809524
Good,83,166.0,2,65,18,0,95,57.0,6,6,19,3,32,,1,12,64,2,3,0,63,True,164.0,76,94.73684210526316
Good,63,224.0,4,52,28,1,96,29.0,6,6,28,4,29,0.7905075833186448,0,42,73,8,3,3,73,False,220.0,115,100.0
Bad,60,101.0,8,34,20,0,81,8.0,4,5,21,2,67,-0.48519611654772077,0,30,89,1,8,1,82,False,93.0,119,95.23809523809524
Good,86,141.0,2,64,14,0,100,,7,8,18,3,72,-0.059961549925598906,3,0,90,0,3,0,60,True,139.0,90,77.77777777777777
Bad,52,196.13915857605178,4,42,22,2,92,38.0,6,5,26,2,24,,4,75,74,13,1,6,82,True,192.13915857605178,149,84.61538461538461
Good,80,344.0,4,92,35,0,94,59.0,6,6,38,3,26,1.6409767165628886,0,17,86,5,2,0,39,False,340.0,103,92.10526315789474
Good,68,217.0,11,109,24,0,88,18.0,6,6,24,1,17,-0.48519611654772077,4,61,58,5,1,3,50,False,206.0,119,100.0
Bad,60,279.0,2,37,29,0,97,6.0,4,6,48,7,23,,1,31,90,6,3,2,45,True,277.0,121,60.416666666666664
Good,67,212.0,13,112,24,0,88,2.0,4,6,25,0,48,,1,21,71,6,4,1,100,True,199.0,92,96.0
Bad,70,23.0,1,12,2,0,100,,7,8,3,1,67,,1,0,97,0,2,1,67,True,22.0,97,66.66666666666667
Bad,54,68.0,7,23,5,0,83,3.0,4,6,6,3,33,-0.48519611654772077,0,66,81,3,2,1,83,False,61.0,147,83.33333333333333
Bad,74,202.0,23,68,27,0,93,7.0,4,6,27,0,30,-0.48519611654772077,0,16,48,3,3,0,46,False,179.0,64,100.0
Bad,55,154.0,7,68,19,0,84,3.0,4,6,22,2,21,0.15265573338546204,1,62,58,4,1,3,56,False,147.0,120,86.36363636363636
Bad,66,115.0,7,60,40,0,93,2.0,4,6,40,4,25,-0.2725788332366598,3,37,59,5,3,0,80,False,108.0,96,100.0
Good,62,275.0,1,87,27,0,90,30.0,6,6,30,4,33,-0.2725788332366598,3,57,54,7,5,3,76,False,274.0,111,90.0
Bad,59,170.0,5,66,25,0,69,2.0,4,6,26,1,15,0.36527301669652296,2,39,58,8,1,1,56,False,165.0,97,96.15384615384616
Bad,69,121.0,3,55,31,1,97,43.0,6,4,32,2,59,-0.48519611654772077,1,43,66,5,6,0,73,False,118.0,109,96.875
Good,89,222.0,12,136,20,0,100,,7,8,22,0,36,3.767149549673498,0,0,58,0,1,0,17,True,210.0,58,90.9090909090909
Bad,71,183.0,2,116,29,0,100,,7,8,31,1,39,,2,42,97,3,2,0,75,True,181.0,139,93.54838709677419
Good,74,206.0,9,66,16,0,100,,7,8,37,1,25,,2,52,56,6,2,1,73,True,197.0,108,43.24324324324324
Good,75,337.0,10,151,12,1,92,26.0,6,2,13,1,38,3.5545322663624375,0,0,58,0,2,0,0,False,327.0,58,92.3076923076923
Bad,66,288.0,10,77,27,0,96,26.0,6,6,44,1,44,2.06621128318501,0,72,86,7,2,3,100,False,278.0,158,61.36363636363637
Good,81,275.0,3,80,50,0,98,33.0,6,6,50,2,16,1.0031248666297057,0,3,10,3,3,0,25,False,272.0,13,100.0
Bad,56,133.0,2,64,15,0,88,3.0,4,6,17,2,12,-0.48519611654772077,2,84,58,10,1,4,92,False,131.0,142,88.23529411764706
Good,87,492.0,10,127,14,0,100,,7,8,15,1,21,2.4914458498071324,0,9,58,5,1,0,60,True,482.0,67,93.33333333333333
Good,59,320.0,5,115,13,1,73,1.0,0,2,15,1,20,-0.48519611654772077,0,16,35,6,2,0,80,False,315.0,51,86.66666666666667
Good,86,255.0,15,140,27,0,100,,7,8,28,0,25,0.15265573338546204,1,1,62,2,2,0,38,True,240.0,63,96.42857142857143
Good,75,200.0,6,66,40,0,98,26.0,6,6,40,1,45,-0.48519611654772077,1,27,74,1,3,1,31,False,194.0,101,100.0
Bad,57,341.0,5,109,29,0,97,3.0,4,6,29,1,28,-0.48519611654772077,0,67,50,9,4,5,76,False,336.0,117,100.0
Bad,87,204.0,1,78,45,0,100,,7,8,46,2,59,2.4914458498071324,0,1,95,3,2,0,50,True,203.0,96,97.82608695652173
Good,80,266.0,7,98,15,0,100,,7,8,17,1,35,-0.059961549925598906,1,46,58,1,1,1,40,True,259.0,104,88.23529411764706
Bad,81,74.0,2,47,24,0,100,,7,8,26,1,12,,2,8,58,2,1,0,38,True,72.0,66,92.3076923076923
Good,85,193.0,8,90,19,0,100,,7,8,19,3,16,-0.48519611654772077,2,18,58,2,1,0,60,True,185.0,76,100.0
Bad,78,212.0,36,96,11,0,100,,7,8,13,0,15,0.36527301669652296,1,50,58,4,1,2,71,True,176.0,108,84.61538461538461
Bad,62,163.0,11,53,22,0,87,23.0,6,6,23,1,39,-0.48519611654772077,0,68,92,6,2,3,89,False,152.0,160,95.65217391304348
Bad,69,178.0,22,74,25,0,92,12.0,6,6,25,0,40,-0.48519611654772077,5,20,45,5,2,0,70,False,156.0,65,100.0
Bad,59,279.0,4,70,7,0,63,7.0,4,6,8,2,25,-0.2725788332366598,1,72,40,4,2,1,86,False,275.0,112,87.5
Good,67,136.0,2,73,15,1,89,33.0,6,6,30,2,56,-0.48519611654772077,0,61,100,3,2,0,100,False,134.0,161,50.0
Bad,69,196.0,3,55,8,0,73,7.0,4,5,28,2,45,-0.48519611654772077,1,27,47,2,2,0,67,False,193.0,74,28.571428571428573
Good,88,166.0,17,84,12,0,100,,7,8,12,0,17,2.2788285664960712,0,0,58,0,1,0,25,True,149.0,58,100.0
Good,90,320.0,8,85,8,0,100,,7,8,8,1,25,2.06621128318501,0,2,58,2,2,1,67,True,312.0,60,100.0
Good,71,193.0,37,105,9,0,78,11.0,4,6,9,0,44,-0.48519611654772077,0,39,12,2,2,0,67,False,156.0,51,100.0
Bad,63,153.0,6,68,37,1,91,25.0,6,6,45,1,89,-0.48519611654772077,0,82,74,3,5,0,100,False,147.0,156,82.22222222222223
Good,70,118.0,7,45,17,0,88,11.0,4,6,17,4,35,-0.48519611654772077,0,15,58,1,1,0,29,False,111.0,73,100.0
Good,69,276.0,3,118,33,0,97,41.0,6,6,35,1,17,0.15265573338546204,2,69,100,9,2,6,67,False,273.0,169,94.28571428571429
Good,81,190.0,6,84,21,0,100,,7,8,21,2,29,1.0031248666297057,0,8,91,5,2,0,88,True,184.0,99,100.0
Bad,61,119.0,7,41,17,3,94,13.0,6,6,19,2,17,-0.48519611654772077,1,34,58,5,3,2,67,False,112.0,92,89.47368421052632
Bad,86,206.0,26,89,15,0,100,,7,8,17,0,47,,0,5,58,2,1,0,50,True,180.0,63,88.23529411764706
Bad,63,95.0,3,37,19,2,100,,6,8,19,4,37,,2,43,67,5,4,1,69,True,92.0,110,100.0
Good,75,254.0,4,60,9,0,100,,7,8,9,2,44,-0.48519611654772077,1,60,95,2,2,0,80,True,250.0,155,100.0
Good,75,187.0,7,95,22,0,100,,7,8,24,2,50,-0.48519611654772077,0,46,54,3,3,1,67,True,180.0,100,91.66666666666667
Bad,73,217.0,22,87,34,0,100,,7,8,36,0,17,-0.48519611654772077,1,91,58,7,2,3,100,True,195.0,149,94.44444444444444
Good,72,214.0,17,61,21,0,100,,7,8,21,0,33,-0.48519611654772077,0,66,66,7,2,2,64,True,197.0,132,100.0
Good,64,173.0,1,69,43,0,93,3.0,4,6,55,4,20,-0.48519611654772077,2,11,100,4,2,0,35,False,172.0,111,78.18181818181819
Good,83,294.0,2,106,22,1,92,43.0,6,4,47,3,16,-0.059961549925598906,1,0,35,2,2,0,44,False,292.0,35,46.808510638297875
Good,85,192.0,2,86,25,0,100,,7,8,29,2,41,,1,28,68,2,3,0,63,True,190.0,96,86.20689655172414
Bad,78,266.0,13,95,16,0,100,,7,8,16,0,56,-0.48519611654772077,2,51,90,4,2,1,100,True,253.0,141,100.0
Good,77,180.0,35,92,16,0,94,37.0,6,6,25,0,56,-0.48519611654772077,0,32,50,2,2,1,67,False,145.0,82,64.0
Bad,57,180.0,9,98,19,3,74,4.0,0,6,21,1,21,-0.48519611654772077,1,21,95,9,1,0,71,False,171.0,116,90.47619047619048
Good,79,169.0,6,70,44,0,100,,6,8,44,4,23,-0.48519611654772077,0,9,93,3,2,0,42,True,163.0,102,100.0
Good,70,272.0,1,77,28,0,100,,7,8,29,5,28,-0.48519611654772077,3,63,90,1,2,1,31,True,271.0,153,96.55172413793103
Bad,60,59.0,3,31,14,0,93,13.0,6,6,14,4,36,-0.48519611654772077,4,57,48,8,4,1,100,False,56.0,105,100.0
Bad,62,83.0,1,38,13,1,93,36.0,0,5,15,4,60,1.0031248666297057,0,3,74,1,4,0,63,False,82.0,77,86.66666666666667
Good,78,233.0,9,103,42,0,100,,7,8,42,2,38,-0.48519611654772077,0,20,85,5,4,0,56,True,224.0,105,100.0
Bad,69,361.0,8,96,26,0,89,1.0,4,5,28,1,29,,0,29,57,5,3,0,64,True,353.0,86,92.85714285714286
Good,78,164.0,10,82,15,0,100,,7,8,16,1,38,-0.48519611654772077,0,56,69,3,2,0,83,True,154.0,125,93.75
Bad,58,334.0,4,99,34,0,68,13.0,6,6,37,2,54,-0.059961549925598906,4,68,32,3,4,1,58,False,330.0,100,91.89189189189189
Good,84,273.0,6,119,19,0,95,25.0,6,6,19,1,16,-0.48519611654772077,2,3,58,2,1,0,30,False,267.0,61,100.0
Good,86,403.0,3,131,18,0,100,,7,8,21,2,24,-0.48519611654772077,4,2,58,4,2,0,40,True,400.0,60,85.71428571428571
Good,90,190.0,3,94,15,0,100,,7,8,15,1,27,0.15265573338546204,1,3,58,1,1,0,67,True,187.0,61,100.0
Bad,60,134.0,4,55,38,0,92,5.0,4,6,39,6,46,-0.48519611654772077,0,42,53,11,5,2,89,False,130.0,95,97.43589743589743
Good,63,202.0,6,31,9,2,90,34.0,6,2,25,4,20,,1,49,81,6,2,1,89,True,196.0,130,36.0
Bad,69,122.0,6,52,13,3,92,74.0,6,6,16,2,92,-0.48519611654772077,1,52,97,1,4,0,100,False,116.0,149,81.25
Good,80,145.0,5,53,29,0,100,,7,8,30,7,17,1.6409767165628886,0,0,58,2,1,0,20,True,140.0,58,96.66666666666667
Good,85,297.0,10,104,23,0,100,,7,8,23,1,26,-0.48519611654772077,0,3,56,3,4,0,50,True,287.0,59,100.0
Good,88,178.0,14,97,8,0,100,,7,8,8,0,38,2.704063133118193,0,0,77,2,1,0,75,True,164.0,77,100.0
Bad,70,84.0,1,46,16,0,94,,6,7,23,2,11,-0.48519611654772077,2,86,91,7,1,4,80,True,83.0,177,69.56521739130434
Bad,59,185.0,7,76,21,0,83,11.0,4,6,24,2,63,-0.48519611654772077,3,59,64,2,6,2,73,False,178.0,123,87.5
Bad,63,163.0,3,25,24,0,100,,7,8,31,5,59,,1,101,90,6,6,4,100,True,160.0,191,77.41935483870968
Bad,60,43.0,1,21,16,0,94,36.0,6,6,17,7,29,-0.48519611654772077,9,32,99,4,1,1,50,False,42.0,131,94.11764705882354
Good,64,216.0,2,86,18,1,60,42.0,6,4,25,2,36,-0.48519611654772077,3,40,58,1,4,1,60,False,214.0,98,72.0
Bad,72,183.0,7,63,15,0,100,,7,8,15,1,40,-0.48519611654772077,4,61,62,2,1,1,38,True,176.0,123,100.0
Bad,74,131.0,8,46,21,0,96,47.0,6,6,24,3,54,-0.2725788332366598,1,30,106,1,9,1,100,False,123.0,136,87.5
Good,81,238.0,7,60,30,0,97,73.0,6,6,51,1,47,2.06621128318501,0,7,89,1,6,0,54,False,231.0,96,58.8235294117647
Good,87,270.0,26,83,28,0,100,,7,8,28,0,25,-0.48519611654772077,0,0,58,1,2,0,10,True,244.0,58,100.0
Bad,44,196.13915857605178,40,131,57,1,68,0.0,0,5,63,0,32,,1,58,13,17,3,4,79,True,156.13915857605178,71,90.47619047619048
Good,86,227.0,9,103,32,0,100,,7,8,35,2,28,2.4914458498071324,0,14,16,3,2,0,42,True,218.0,30,91.42857142857143
Good,85,141.0,15,77,25,0,96,30.0,6,6,32,0,12,1.8535939998739495,0,1,58,3,1,0,50,False,126.0,59,78.125
Good,84,146.0,11,49,14,0,100,,7,8,14,1,21,0.36527301669652296,1,1,58,2,1,0,50,True,135.0,59,100.0
Good,73,287.0,4,102,10,0,55,13.0,6,5,11,3,55,,2,30,65,2,2,0,67,True,283.0,95,90.9090909090909
Bad,62,175.0,2,46,18,0,95,0.0,4,6,20,2,75,-0.48519611654772077,2,57,81,3,5,1,89,False,173.0,138,90.0
Good,75,438.0,1,79,48,0,100,,7,8,53,2,20,-0.48519611654772077,3,12,26,9,3,2,52,True,437.0,38,90.56603773584905
Bad,63,181.0,2,76,22,1,80,1.0,4,3,25,3,12,0.15265573338546204,1,29,79,7,1,0,53,False,179.0,108,88.0
Bad,65,79.0,9,40,11,0,77,8.0,4,5,13,1,46,-0.48519611654772077,2,0,96,0,2,1,75,False,70.0,96,84.61538461538461
Bad,68,266.0,13,93,29,1,90,39.0,6,6,29,0,59,-0.48519611654772077,2,98,53,3,4,3,88,False,253.0,151,100.0
Good,80,234.0,0,62,27,0,100,,7,8,35,4,26,-0.48519611654772077,3,22,58,4,1,2,38,True,234.0,80,77.14285714285714
Bad,59,137.0,8,62,16,1,100,,7,8,18,3,59,-0.48519611654772077,1,58,93,2,1,1,100,True,129.0,151,88.88888888888889
Bad,66,172.0,10,90,44,0,100,,7,8,48,1,38,,1,65,85,12,2,8,82,True,162.0,150,91.66666666666667
Good,79,150.0,11,59,27,0,100,,7,8,27,1,33,-0.059961549925598906,4,8,77,2,3,0,50,True,139.0,85,100.0
Good,84,380.0,5,109,24,0,100,,7,8,24,1,4,-0.48519611654772077,1,1,58,3,1,0,27,True,375.0,59,100.0
Good,65,258.0,3,98,21,2,70,11.0,4,4,55,4,33,1.0031248666297057,0,2,75,2,4,0,46,False,255.0,77,38.18181818181818
Bad,68,141.0,7,51,15,0,100,,7,8,15,4,33,-0.48519611654772077,0,47,92,5,2,1,78,True,134.0,139,100.0
Good,82,193.0,1,75,36,0,100,,7,8,37,3,38,-0.48519611654772077,5,7,58,2,2,0,33,True,192.0,65,97.29729729729729
Good,72,226.0,6,127,42,0,95,21.0,6,6,43,2,40,,1,38,47,10,2,1,71,True,220.0,85,97.67441860465117
Good,60,375.0,77,219,6,1,86,1.0,0,2,7,0,57,-0.48519611654772077,0,31,58,1,2,1,33,False,298.0,89,85.71428571428571
Bad,70,154.0,8,124,9,0,70,5.0,3,5,24,1,50,,1,9,58,1,1,0,40,True,146.0,67,37.5
Bad,64,109.0,13,65,9,1,90,60.0,6,6,10,0,50,2.06621128318501,0,86,39,3,3,1,100,False,96.0,125,90.0
Bad,62,233.0,8,79,6,2,86,44.0,6,5,9,1,57,-0.48519611654772077,0,63,71,2,3,1,83,False,225.0,134,66.66666666666667
Bad,65,159.0,28,49,11,0,91,14.0,6,6,22,0,27,1.4283594332518275,0,52,58,4,1,1,83,False,131.0,110,50.0
Bad,68,181.0,6,98,2,1,67,66.0,6,3,3,1,100,,0,30,58,4,1,1,100,True,175.0,88,66.66666666666667
Good,86,153.0,6,94,10,0,100,,7,8,11,1,73,0.7905075833186448,0,0,87,0,3,0,60,True,147.0,87,90.9090909090909
Good,70,92.0,11,57,16,0,88,16.0,6,6,16,1,44,-0.48519611654772077,0,37,61,1,3,0,67,False,81.0,98,100.0
Bad,62,153.0,3,68,27,1,86,1.0,2,4,28,3,25,-0.48519611654772077,2,22,30,7,3,2,50,False,150.0,52,96.42857142857143
Bad,68,60.0,7,31,11,0,92,27.0,6,5,12,3,42,-0.48519611654772077,1,50,77,5,2,1,88,False,53.0,127,91.66666666666667
Good,76,231.0,9,86,27,0,97,22.0,6,6,30,3,33,-0.2725788332366598,1,48,75,4,3,0,78,False,222.0,123,90.0
Good,73,206.0,7,97,28,0,97,23.0,6,6,31,1,35,-0.48519611654772077,0,34,56,4,3,0,73,False,199.0,90,90.3225806451613
Bad,65,125.0,5,54,28,1,90,6.0,4,4,31,2,58,-0.48519611654772077,0,51,62,4,5,1,75,False,120.0,113,90.3225806451613
Good,64,320.0,2,96,40,0,93,24.0,6,6,42,2,37,-0.48519611654772077,7,35,77,14,2,1,80,False,318.0,112,95.23809523809524
Bad,64,133.0,8,77,16,2,76,5.0,3,4,21,2,29,-0.48519611654772077,2,32,2,6,2,1,80,False,125.0,34,76.19047619047619
Bad,65,235.0,3,65,28,0,90,40.0,6,6,29,5,31,-0.48519611654772077,2,31,71,12,4,1,80,False,232.0,102,96.55172413793103
Bad,68,261.0,2,63,13,0,86,25.0,6,6,14,5,36,-0.48519611654772077,2,32,95,7,3,0,83,False,259.0,127,92.85714285714286
Bad,65,182.0,2,50,18,0,90,6.0,3,5,21,5,57,,7,58,88,4,3,0,88,True,180.0,146,85.71428571428571
Bad,75,193.0,3,52,23,0,96,43.0,6,2,24,2,29,-0.48519611654772077,0,27,58,9,1,1,67,False,190.0,85,95.83333333333333
Bad,65,82.0,1,43,25,1,97,70.0,6,5,30,3,33,-0.059961549925598906,4,33,53,2,8,1,56,False,81.0,86,83.33333333333333
Good,91,323.0,34,164,15,0,100,,7,8,15,0,20,-0.059961549925598906,1,1,35,2,1,0,30,True,289.0,36,100.0
Bad,80,318.0,4,74,22,0,100,,6,8,22,5,77,-0.48519611654772077,8,7,91,2,3,0,83,True,314.0,98,100.0
Bad,67,187.0,9,67,15,1,88,2.0,0,2,17,1,41,-0.48519611654772077,1,60,56,5,2,1,78,False,178.0,116,88.23529411764706
Bad,68,182.0,19,94,19,0,90,2.0,4,6,20,0,40,-0.48519611654772077,3,5,48,3,3,0,55,False,163.0,53,95.0
Good,85,164.0,4,90,34,0,100,,7,8,37,2,76,0.15265573338546204,1,2,58,2,1,0,100,True,160.0,60,91.89189189189189
Bad,67,51.0,2,25,9,0,80,10.0,4,6,10,2,50,-0.48519611654772077,2,0,96,1,1,0,50,False,49.0,96,90.0
Bad,82,256.0,6,77,17,0,100,,7,8,51,1,22,-0.2725788332366598,1,37,58,3,1,2,80,True,250.0,95,33.333333333333336
Bad,73,214.0,4,122,27,0,96,34.0,6,6,31,2,37,0.36527301669652296,3,16,93,2,2,0,40,False,210.0,109,87.09677419354838
Good,83,417.0,22,113,22,0,100,,7,8,22,0,27,4.19238411629562,0,44,58,2,1,0,60,True,395.0,102,100.0
Bad,62,340.0,3,86,21,0,91,2.0,3,5,23,3,17,-0.48519611654772077,2,50,64,6,2,3,67,False,337.0,114,91.30434782608695
Good,68,269.0,12,115,18,0,89,54.0,6,6,18,0,28,-0.48519611654772077,0,68,84,9,1,4,83,False,257.0,152,100.0
Bad,59,156.0,14,63,17,2,82,13.0,6,6,19,0,24,-0.48519611654772077,1,35,76,6,2,2,80,False,142.0,111,89.47368421052632
Bad,84,305.0,5,86,45,0,100,,7,8,46,2,35,-0.48519611654772077,3,22,84,4,3,0,47,True,300.0,106,97.82608695652173
Good,82,78.0,3,36,26,0,100,,7,8,26,3,8,,0,1,58,1,1,0,11,True,75.0,59,100.0
Good,64,166.0,2,58,14,0,89,18.0,6,5,19,3,58,0.15265573338546204,1,41,82,3,6,0,82,False,164.0,123,73.6842105263158
Bad,81,137.0,9,66,34,0,100,,7,8,34,1,62,-0.48519611654772077,1,24,92,3,4,0,78,True,128.0,116,100.0
Bad,76,65.0,13,31,3,0,100,,7,8,3,0,0,-0.48519611654772077,0,48,58,2,2,1,67,True,52.0,106,100.0
Good,88,214.0,4,114,31,0,100,,7,8,31,2,13,-0.48519611654772077,1,16,58,2,1,0,19,True,210.0,74,100.0
Bad,65,123.0,2,53,16,0,82,18.0,6,6,17,2,41,-0.48519611654772077,1,58,97,6,2,2,73,False,121.0,155,94.11764705882354
Good,84,52.0,3,25,7,0,100,,7,8,7,2,43,-0.48519611654772077,0,5,98,1,2,0,50,True,49.0,103,100.0
Good,86,191.0,3,77,38,0,100,,7,8,40,3,58,0.5778903000075839,0,6,58,4,2,1,55,True,188.0,64,95.0
Good,86,215.0,5,80,38,0,100,,7,8,39,2,16,2.06621128318501,0,2,58,1,2,0,21,True,210.0,60,97.43589743589743
Good,86,166.0,2,77,9,0,100,,6,8,10,1,40,-0.48519611654772077,5,7,58,1,1,0,33,True,164.0,65,90.0
Bad,60,85.0,14,54,16,3,68,25.0,6,3,23,0,47,-0.059961549925598906,1,23,49,3,3,2,50,False,71.0,72,69.56521739130434
Bad,62,171.0,5,92,52,0,90,4.0,3,5,58,2,47,,0,28,32,7,7,0,78,True,166.0,60,89.65517241379311
Bad,72,198.0,13,91,16,0,94,53.0,6,6,18,0,39,-0.48519611654772077,1,88,86,5,2,2,100,False,185.0,174,88.88888888888889
Bad,47,57.0,57,57,1,1,0,2.0,4,6,1,0,0,-0.48519611654772077,2,93,58,1,2,1,100,False,0.0,151,100.0
Bad,60,333.0,15,112,19,2,71,7.0,2,4,22,0,29,-0.48519611654772077,1,9,85,3,3,0,40,False,318.0,94,86.36363636363636
Good,64,282.0,17,81,32,0,76,1.0,3,5,33,0,33,4.405001399606681,0,17,56,9,4,0,65,False,265.0,73,96.96969696969697
Good,71,357.0,5,71,26,0,96,60.0,6,6,27,3,52,0.5778903000075839,0,39,58,3,3,1,75,False,352.0,97,96.29629629629629
Good,50,130.0,7,63,10,7,59,1.0,0,2,17,1,12,-0.48519611654772077,0,13,58,4,1,1,88,False,123.0,71,58.8235294117647
Bad,76,75.0,7,44,23,0,92,12.0,6,6,24,2,13,-0.48519611654772077,0,0,77,2,2,0,25,False,68.0,77,95.83333333333333
Bad,65,299.0,6,77,11,1,92,1.0,0,2,12,4,17,-0.48519611654772077,8,18,107,6,1,1,78,False,293.0,125,91.66666666666667
Good,72,386.0,3,95,33,0,100,,7,8,33,3,18,-0.059961549925598906,2,30,97,9,2,1,58,True,383.0,127,100.0
Good,59,274.0,3,98,27,0,93,1.0,4,6,28,2,21,-0.48519611654772077,1,54,82,8,2,4,65,False,271.0,136,96.42857142857143
Good,91,230.0,12,135,18,0,100,,7,8,32,0,16,2.06621128318501,0,10,58,1,2,0,25,True,218.0,68,56.25
Good,64,130.0,1,33,13,0,100,,7,8,14,6,0,0.36527301669652296,1,64,58,7,2,3,78,True,129.0,122,92.85714285714286
Bad,65,107.0,7,48,40,0,100,,6,8,43,4,42,-0.48519611654772077,2,80,86,5,2,4,70,True,100.0,166,93.02325581395348
Bad,62,81.0,5,40,17,0,89,15.0,6,6,18,1,33,-0.48519611654772077,2,79,63,5,2,2,88,False,76.0,142,94.44444444444444
Good,83,204.0,6,98,14,0,100,,7,8,14,3,21,0.7905075833186448,0,27,58,2,1,0,25,True,198.0,85,100.0
Good,65,332.0,2,139,16,0,89,1.0,3,5,18,2,0,-0.2725788332366598,1,5,58,9,2,0,60,False,330.0,63,88.88888888888889
Good,88,433.0,6,138,21,0,96,76.0,6,6,23,2,74,-0.48519611654772077,4,0,93,2,2,0,57,False,427.0,93,91.30434782608695
Bad,59,15.0,4,9,8,0,100,,7,8,8,6,25,,1,66,83,2,2,2,63,True,11.0,149,100.0
Good,70,141.0,8,145,17,2,80,29.0,6,2,20,1,20,2.916680416429254,0,46,91,5,2,1,100,False,133.0,137,85.0
Good,82,193.0,14,74,13,0,100,,7,8,13,0,38,-0.48519611654772077,0,21,60,3,2,2,63,True,179.0,81,100.0
Bad,62,166.0,1,54,38,2,95,13.0,6,3,44,4,32,-0.2725788332366598,3,80,93,5,2,3,78,False,165.0,173,86.36363636363636
Bad,56,223.0,9,71,21,0,90,0.0,4,6,22,2,43,,2,87,51,5,3,2,100,True,214.0,138,95.45454545454545
Bad,70,116.0,12,62,14,1,83,14.0,6,4,18,0,17,-0.48519611654772077,2,70,58,5,1,2,88,False,104.0,128,77.77777777777777
Good,77,196.13915857605178,3,116,19,0,100,,7,8,19,2,16,3.341914983051376,0,34,58,10,1,1,85,True,193.13915857605178,92,100.0
Bad,60,70.0,8,39,10,1,83,19.0,6,5,13,1,58,-0.48519611654772077,1,89,93,4,3,2,88,False,62.0,182,76.92307692307692
Good,79,200.0,10,82,38,0,100,,7,8,40,1,30,-0.48519611654772077,1,35,67,2,2,1,36,True,190.0,102,95.0
Bad,70,226.0,5,74,22,0,91,66.0,6,6,22,1,32,,0,61,94,5,2,2,64,True,221.0,155,100.0
Bad,63,11.0,2,7,10,0,100,,7,8,12,12,25,-0.48519611654772077,10,18,58,7,1,0,80,True,9.0,76,83.33333333333333
Bad,65,101.0,2,34,15,0,100,,7,8,18,5,33,-0.48519611654772077,9,72,100,5,3,4,69,True,99.0,172,83.33333333333333
Bad,75,197.0,2,95,20,0,95,62.0,6,6,21,2,24,,2,48,99,4,3,1,78,True,195.0,147,95.23809523809524
Bad,78,75.0,4,35,13,0,100,,7,8,14,2,50,0.36527301669652296,1,37,73,4,3,0,78,True,71.0,110,92.85714285714286
Bad,60,215.0,12,110,15,0,73,13.0,6,6,15,0,7,1.8535939998739495,0,75,58,5,2,4,64,False,203.0,133,100.0
Bad,64,195.0,5,52,30,0,100,,7,8,30,5,33,-0.48519611654772077,3,75,58,5,2,2,50,True,190.0,133,100.0
Good,80,282.0,2,103,28,0,97,3.0,4,6,37,1,26,-0.48519611654772077,3,0,58,1,2,0,14,False,280.0,58,75.67567567567568
Good,72,206.0,3,75,49,0,100,,7,8,49,6,35,0.7905075833186448,0,56,67,7,3,2,83,True,203.0,123,100.0
Bad,67,189.0,13,111,8,4,70,68.0,6,3,10,0,50,-0.48519611654772077,1,97,58,1,1,1,100,False,176.0,155,80.0
Bad,55,201.0,4,62,33,0,88,6.0,4,6,33,5,30,,2,71,70,6,5,4,61,True,197.0,141,100.0
Bad,58,91.0,4,41,31,0,100,,7,8,32,5,56,-0.48519611654772077,1,71,90,13,4,4,100,True,87.0,161,96.875
Good,67,217.0,9,89,15,2,82,8.0,4,2,23,1,18,-0.48519611654772077,3,3,25,1,1,0,29,False,208.0,28,65.21739130434783
Good,78,193.0,29,100,18,0,100,,7,8,18,0,33,-0.48519611654772077,0,63,58,4,2,2,55,True,164.0,121,100.0
Bad,72,48.0,10,26,4,0,100,,7,8,4,1,25,,1,54,58,3,1,0,100,True,38.0,112,100.0
Good,82,120.0,2,43,15,0,100,,7,8,17,4,29,-0.48519611654772077,0,33,80,2,4,0,86,True,118.0,113,88.23529411764706
Bad,55,313.0,21,119,18,1,64,3.0,3,4,22,0,36,-0.48519611654772077,1,55,56,6,2,5,75,False,292.0,111,81.81818181818181
Bad,70,113.0,13,21,9,0,100,,7,8,14,0,11,-0.48519611654772077,2,20,58,3,1,1,50,True,100.0,78,64.28571428571429
Good,80,228.0,2,61,46,0,100,,7,8,49,7,29,-0.48519611654772077,1,9,58,5,2,0,57,True,226.0,67,93.87755102040816
Good,72,400.0,3,104,38,0,100,,7,8,39,5,18,-0.48519611654772077,0,37,3,9,2,3,63,True,397.0,40,97.43589743589743
Good,75,292.0,7,102,22,0,100,,7,8,22,1,27,1.0031248666297057,0,31,58,6,2,1,62,True,285.0,89,100.0
Good,73,397.0,2,113,40,0,98,39.0,6,6,41,5,37,1.6409767165628886,0,26,79,8,4,0,71,False,395.0,105,97.5609756097561
Good,82,191.0,9,77,31,0,90,22.0,6,6,31,1,16,-0.48519611654772077,1,7,82,4,1,0,42,False,182.0,89,100.0
Bad,67,212.0,4,79,18,0,100,,7,8,18,5,22,-0.48519611654772077,3,81,30,7,1,5,82,True,208.0,111,100.0
Good,79,344.0,24,135,24,0,100,,7,8,24,0,17,-0.2725788332366598,1,41,58,4,1,2,50,True,320.0,99,100.0
Bad,89,272.0,22,126,16,0,100,,7,8,16,0,25,-0.2725788332366598,1,9,43,2,2,0,40,True,250.0,52,100.0
Bad,69,137.0,6,58,18,1,95,,6,7,20,3,70,,0,81,65,4,2,2,86,True,131.0,146,90.0
Bad,73,107.0,10,70,20,0,95,13.0,6,6,21,1,86,-0.48519611654772077,4,81,93,2,3,2,83,False,97.0,174,95.23809523809524
Good,71,59.0,2,21,6,0,100,,7,8,8,4,50,-0.2725788332366598,2,44,95,2,2,0,67,True,57.0,139,75.0
Bad,56,180.0,8,74,29,2,87,2.0,1,3,32,4,30,,1,30,80,5,4,1,69,True,172.0,110,90.625
Bad,69,161.0,4,90,19,1,89,61.0,6,6,19,2,26,,1,38,94,8,1,3,90,True,157.0,132,100.0
Good,72,194.0,2,100,43,0,100,,7,8,48,1,29,,0,34,61,8,3,3,72,True,192.0,95,89.58333333333333
Good,86,361.0,12,171,9,0,100,,7,8,9,0,22,-0.48519611654772077,0,31,16,4,2,0,67,True,349.0,47,100.0
Good,65,114.0,11,63,14,2,72,16.0,6,2,19,2,28,,3,23,80,3,1,1,57,True,103.0,103,73.6842105263158
Good,77,145.0,3,66,20,0,95,61.0,6,6,25,2,35,,0,22,66,4,3,0,70,True,142.0,88,80.0
Bad,66,190.0,1,64,7,1,78,,6,7,9,3,22,-0.48519611654772077,7,34,58,5,1,0,100,True,189.0,92,77.77777777777777
Good,86,155.0,3,68,33,0,100,,7,8,36,2,42,-0.48519611654772077,1,2,98,2,1,0,60,True,152.0,100,91.66666666666667
Bad,58,214.0,10,158,15,2,58,1.0,4,3,19,1,53,,0,3,68,4,3,0,100,True,204.0,71,78.94736842105263
Bad,65,91.0,1,38,17,1,89,21.0,6,6,18,5,56,-0.48519611654772077,6,26,37,3,4,0,78,False,90.0,63,94.44444444444444
Good,81,134.0,2,60,25,0,100,,7,8,27,2,15,,1,32,48,6,3,0,100,True,132.0,80,92.5925925925926
Good,82,270.0,30,89,12,0,100,,7,8,12,0,42,-0.48519611654772077,0,44,6,3,2,0,71,True,240.0,50,100.0
Good,79,261.0,4,121,14,0,93,61.0,6,6,14,2,7,-0.48519611654772077,2,11,58,2,2,0,50,False,257.0,69,100.0
Good,89,159.0,11,62,9,0,100,,7,8,9,3,22,1.8535939998739495,0,2,58,1,1,0,33,True,148.0,60,100.0
Bad,68,238.0,20,72,31,2,91,3.0,0,2,33,0,21,-0.48519611654772077,0,20,62,5,2,1,44,False,218.0,82,93.93939393939394
Good,83,202.0,28,97,10,0,100,,7,8,10,0,20,-0.2725788332366598,1,0,46,0,2,1,67,True,174.0,46,100.0
Bad,69,105.0,3,30,17,0,100,,7,8,17,7,12,0.36527301669652296,1,32,100,6,1,2,64,True,102.0,132,100.0
Good,83,190.0,26,102,32,0,97,52.0,6,6,33,0,19,-0.059961549925598906,1,2,20,2,3,0,42,False,164.0,22,96.96969696969697
Good,81,137.0,1,55,20,0,100,,7,8,23,3,43,-0.2725788332366598,3,33,92,2,3,0,63,True,136.0,125,86.95652173913044
Bad,74,111.0,2,52,26,0,100,,7,8,29,5,34,-0.48519611654772077,0,46,92,5,2,2,64,True,109.0,138,89.65517241379311
Bad,70,332.0,11,123,19,1,100,,6,8,20,1,25,,2,22,58,2,2,1,55,True,321.0,80,95.0
Good,88,206.0,7,83,23,0,100,,7,8,25,2,44,4.405001399606681,0,18,89,1,2,0,60,True,199.0,107,92.0
Bad,80,146.0,1,38,15,0,100,,7,8,30,1,13,0.15265573338546204,2,16,58,2,1,0,27,True,145.0,74,50.0
Bad,80,203.0,6,91,15,0,100,,7,8,17,1,29,,0,16,93,6,2,1,69,True,197.0,109,88.23529411764706
Good,83,174.0,9,142,13,0,100,,7,8,14,1,36,-0.48519611654772077,3,0,82,0,2,0,33,True,165.0,82,92.85714285714286
Good,68,123.0,20,44,7,0,86,10.0,6,6,7,0,29,-0.2725788332366598,1,26,72,2,2,0,80,False,103.0,98,100.0
Good,56,219.0,7,99,36,1,97,0.0,4,6,40,2,38,-0.2725788332366598,4,26,42,4,3,0,39,False,212.0,68,90.0
Bad,68,223.0,4,81,25,1,76,12.0,6,4,29,5,28,2.704063133118193,0,33,96,4,3,1,50,False,219.0,129,86.20689655172414
Good,68,252.0,21,114,15,0,88,5.0,4,5,17,0,53,,0,23,58,2,3,0,83,True,231.0,81,88.23529411764706
Bad,58,149.0,13,68,31,0,91,1.0,4,6,32,0,34,,1,62,64,4,5,2,75,True,136.0,126,96.875
Bad,67,251.0,2,76,31,0,97,13.0,6,6,34,4,59,,3,79,84,6,5,2,92,True,249.0,163,91.17647058823529
Good,81,144.0,14,83,23,0,92,54.0,6,6,25,0,36,-0.48519611654772077,0,8,49,1,2,0,33,False,130.0,57,92.0
Good,66,182.0,5,69,20,0,100,,7,8,20,2,25,0.15265573338546204,1,55,96,8,2,3,91,True,177.0,151,100.0
Bad,61,39.0,23,26,4,1,60,12.0,6,5,6,0,60,-0.48519611654772077,0,28,58,1,1,0,67,False,16.0,86,66.66666666666667
Good,82,257.0,3,108,45,0,100,,7,8,46,3,28,,1,3,100,2,3,0,46,True,254.0,103,97.82608695652173
Good,74,198.0,4,53,11,1,92,62.0,6,2,12,1,33,0.36527301669652296,2,3,58,2,1,0,43,False,194.0,61,91.66666666666667
Bad,59,209.0,5,96,16,1,82,1.0,4,3,17,1,18,0.36527301669652296,1,43,58,6,1,0,70,False,204.0,101,94.11764705882354
Bad,75,136.0,33,74,17,0,100,,7,8,25,0,65,-0.059961549925598906,1,83,165,1,9,1,77,True,103.0,248,68.0
Bad,71,276.0,5,60,13,1,100,,6,8,13,1,46,,1,24,58,3,1,0,57,True,271.0,82,100.0
Good,74,435.0,4,192,12,0,77,18.0,6,6,13,1,8,-0.48519611654772077,0,56,58,2,2,0,75,False,431.0,114,92.3076923076923
Good,87,172.0,11,72,19,0,100,,7,8,19,1,32,2.916680416429254,0,0,25,1,2,0,27,True,161.0,25,100.0
Bad,67,134.0,2,52,23,0,92,63.0,6,6,25,3,25,-0.48519611654772077,9,30,58,5,2,1,64,False,132.0,88,92.0
Good,58,125.0,14,62,10,5,80,1.0,4,6,10,0,60,-0.48519611654772077,2,81,58,3,2,1,83,False,111.0,139,100.0
Bad,82,163.0,18,86,14,0,100,,7,8,14,0,7,0.5778903000075839,0,35,70,3,1,0,83,True,145.0,105,100.0
Good,74,158.0,2,58,36,1,97,13.0,6,6,40,5,45,-0.48519611654772077,0,0,92,1,3,1,57,False,156.0,92,90.0
Good,71,167.0,31,84,21,0,96,37.0,6,6,23,0,13,,0,55,58,5,1,3,60,True,136.0,113,91.30434782608695
Good,88,286.0,76,133,4,0,100,,7,8,5,0,60,-0.48519611654772077,0,9,58,1,2,0,100,True,210.0,67,80.0
Good,77,255.0,5,72,40,0,100,,7,8,45,7,22,,1,3,71,7,5,1,46,True,250.0,74,88.88888888888889
Good,80,270.0,18,128,32,0,100,,7,8,32,0,38,-0.48519611654772077,0,25,31,3,6,1,77,True,252.0,56,100.0
Good,69,117.0,7,34,8,0,89,44.0,6,6,9,1,78,-0.48519611654772077,2,0,94,0,3,1,75,False,110.0,94,88.88888888888889
Good,78,156.0,4,41,13,0,100,,7,8,13,6,38,0.15265573338546204,3,19,93,2,3,0,71,True,152.0,112,100.0
Good,60,82.0,6,32,24,2,100,,0,8,24,4,33,0.36527301669652296,2,26,98,4,2,0,50,True,76.0,124,100.0
Good,82,172.0,0,71,23,0,100,,7,8,24,4,54,-0.48519611654772077,1,4,81,4,3,0,70,True,172.0,85,95.83333333333333
Bad,77,264.0,4,78,35,0,100,,7,8,35,7,6,-0.48519611654772077,1,11,58,6,2,2,47,True,260.0,69,100.0
Good,70,284.0,1,64,12,0,71,9.0,4,5,14,1,14,-0.48519611654772077,1,15,60,3,2,0,63,False,283.0,75,85.71428571428571
Bad,73,420.0,97,208,7,0,88,64.0,6,6,8,0,25,-0.48519611654772077,0,76,58,3,2,2,75,False,323.0,134,87.5
Good,58,372.0,38,94,15,1,71,5.0,1,3,17,0,53,-0.48519611654772077,0,35,58,4,1,0,100,False,334.0,93,88.23529411764706
Bad,59,45.0,11,31,10,1,73,11.0,3,4,15,1,20,-0.48519611654772077,0,14,58,6,1,0,88,False,34.0,72,66.66666666666667
Good,78,175.0,17,88,39,0,100,,7,8,40,0,70,0.5778903000075839,1,33,74,3,2,1,83,True,158.0,107,97.5
Good,74,52.0,5,26,16,0,100,,7,8,16,2,19,-0.48519611654772077,1,45,56,3,2,0,56,True,47.0,101,100.0
Bad,64,111.0,3,35,15,2,100,,7,8,17,2,33,-0.48519611654772077,1,70,97,4,3,0,78,True,108.0,167,88.23529411764706
Bad,62,343.0,3,154,16,4,60,28.0,6,2,25,2,20,-0.48519611654772077,3,59,58,4,2,1,67,False,340.0,117,64.0
Bad,60,240.0,5,115,11,0,73,13.0,6,5,15,1,33,2.4914458498071324,0,93,96,5,2,3,100,False,235.0,189,73.33333333333333
Good,85,165.0,1,73,10,0,100,,7,8,13,4,8,-0.48519611654772077,0,11,58,4,1,0,63,True,164.0,69,76.92307692307692
Bad,56,165.0,1,71,1,5,75,34.0,6,5,9,2,50,-0.48519611654772077,3,0,58,0,1,0,67,False,164.0,58,11.11111111111111
Good,76,254.0,8,85,16,0,100,,7,8,16,2,31,-0.48519611654772077,0,49,94,2,3,2,71,True,246.0,143,100.0
Good,64,81.0,59,70,1,1,50,30.0,6,2,2,0,50,-0.48519611654772077,0,30,58,4,1,1,100,False,22.0,88,50.0
Bad,60,55.0,2,30,20,0,100,,7,8,21,7,24,-0.2725788332366598,5,64,91,7,4,3,80,True,53.0,155,95.23809523809524
Good,88,217.0,7,94,12,0,100,,7,8,12,1,17,-0.48519611654772077,0,6,58,3,2,0,38,True,210.0,64,100.0
Bad,83,262.0,19,135,36,0,100,,7,8,37,0,27,3.5545322663624375,0,38,47,11,2,1,76,True,243.0,85,97.29729729729729
Bad,73,178.0,2,42,11,0,100,,7,8,11,2,8,,0,40,100,4,1,1,71,True,176.0,140,100.0
Bad,70,84.0,8,40,15,0,88,60.0,6,5,16,1,25,,0,7,69,2,3,0,56,True,76.0,76,93.75
Good,82,222.0,3,73,38,0,100,,7,8,39,3,31,-0.48519611654772077,2,8,100,3,2,0,38,True,219.0,108,97.43589743589743
Bad,57,168.0,73,107,8,2,89,8.0,0,6,9,0,44,,0,30,58,4,2,1,67,True,95.0,88,88.88888888888889
Bad,69,266.0,5,93,22,0,89,28.0,6,5,27,2,41,1.4283594332518275,0,27,92,6,2,1,67,False,261.0,119,81.48148148148148
Good,60,303.0,2,116,44,0,87,5.0,6,6,45,1,27,-0.48519611654772077,0,35,70,6,5,1,50,False,301.0,105,97.77777777777777
Bad,77,46.0,5,27,7,0,100,,7,8,7,2,43,-0.48519611654772077,1,0,96,0,2,1,67,True,41.0,96,100.0
Bad,61,210.0,4,64,28,0,93,9.0,4,6,28,3,46,-0.48519611654772077,0,52,95,10,2,4,86,False,206.0,147,100.0
Good,82,208.0,11,77,22,0,96,39.0,6,5,24,1,21,-0.48519611654772077,1,3,80,4,2,0,55,False,197.0,83,91.66666666666667
Good,72,156.0,2,53,16,0,89,50.0,6,5,24,1,37,,0,29,50,2,2,1,44,True,154.0,79,66.66666666666667
Good,80,229.0,0,87,12,0,100,,7,8,13,2,15,-0.48519611654772077,0,53,58,2,1,2,38,True,229.0,111,92.3076923076923
Bad,54,188.0,1,73,35,0,87,0.0,4,6,38,4,66,,12,103,97,5,5,4,71,True,187.0,200,92.10526315789474
Bad,79,181.0,1,91,12,0,100,,7,8,14,1,21,-0.48519611654772077,3,66,39,3,2,1,71,True,180.0,105,85.71428571428571
Good,68,348.0,12,91,34,0,100,,7,8,34,0,32,-0.48519611654772077,0,78,68,11,4,7,76,True,336.0,146,100.0
Bad,63,79.0,10,30,10,0,100,,7,8,10,1,30,,0,88,70,4,2,2,100,True,69.0,158,100.0
Bad,80,88.0,2,50,20,0,95,39.0,6,6,22,2,48,3.9797668329845592,0,13,55,4,3,0,70,False,86.0,68,90.9090909090909
Good,74,138.0,23,89,9,0,89,1.0,4,6,9,0,22,-0.48519611654772077,0,3,58,1,2,0,25,False,115.0,61,100.0
Bad,71,171.0,27,92,9,0,67,7.0,4,6,9,0,22,0.5778903000075839,0,40,43,3,1,0,67,False,144.0,83,100.0
Good,72,156.0,12,48,10,0,90,79.0,6,6,10,0,30,,2,41,65,4,1,0,86,True,144.0,106,100.0
Good,82,235.0,24,123,30,0,100,,6,7,32,0,38,,0,36,58,3,1,0,100,True,211.0,94,93.75
Bad,68,144.0,4,58,24,0,100,,7,8,24,3,38,-0.48519611654772077,0,81,82,8,4,2,100,True,140.0,163,100.0
Good,61,138.0,19,62,9,0,92,1.0,4,6,13,0,31,-0.48519611654772077,2,91,61,4,2,4,75,False,119.0,152,69.23076923076923
Good,86,153.0,17,77,19,0,100,,7,8,21,0,43,-0.48519611654772077,1,8,92,1,4,0,83,True,136.0,100,90.47619047619048
Good,79,193.0,18,100,24,0,96,36.0,6,6,34,0,40,3.5545322663624375,0,16,58,3,1,0,44,False,175.0,74,70.58823529411765
Good,71,176.0,6,87,16,1,94,57.0,6,2,17,1,35,,0,70,58,3,2,1,75,True,170.0,128,94.11764705882354
Bad,57,75.0,8,33,17,0,88,2.0,4,6,17,1,18,-0.48519611654772077,0,32,58,3,1,2,44,False,67.0,90,100.0
Good,71,196.13915857605178,9,46,15,0,88,21.0,6,6,16,3,44,1.2157421499407666,0,32,89,3,2,0,63,False,187.13915857605178,121,93.75
Good,70,204.0,6,77,28,0,97,2.0,4,6,50,4,23,0.7905075833186448,0,33,97,3,1,1,42,False,198.0,130,56.0
Bad,67,96.0,15,63,20,0,75,2.0,4,6,20,0,55,-0.48519611654772077,0,4,78,3,3,0,60,False,81.0,82,100.0
Good,88,450.0,33,169,14,0,100,,7,8,14,0,14,-0.48519611654772077,0,0,58,2,2,0,50,True,417.0,58,100.0
Bad,66,133.0,6,77,23,0,100,,7,8,26,2,42,-0.48519611654772077,3,105,94,6,2,6,100,True,127.0,199,88.46153846153847
Good,75,176.0,2,77,23,0,100,,7,8,28,3,43,-0.2725788332366598,1,46,86,5,2,2,78,True,174.0,132,82.14285714285714
Good,90,184.0,71,106,4,0,100,,7,8,4,0,50,-0.48519611654772077,0,0,58,0,1,0,50,True,113.0,58,100.0
Bad,74,211.0,8,85,43,0,93,8.0,4,5,45,1,44,-0.48519611654772077,2,3,80,4,2,0,60,False,203.0,83,95.55555555555556
Good,82,302.0,28,91,19,0,100,,7,8,20,0,15,-0.48519611654772077,3,2,58,4,2,0,50,True,274.0,60,95.0
Bad,60,199.0,9,40,14,2,94,65.0,0,5,16,3,44,1.2157421499407666,0,103,58,4,2,3,100,False,190.0,161,87.5
Bad,57,129.0,29,74,12,16,30,6.0,1,3,30,0,73,,0,26,47,2,9,0,92,True,100.0,73,40.0
Bad,74,254.0,3,101,14,0,87,40.0,6,6,15,1,47,-0.48519611654772077,1,29,67,3,4,1,70,False,251.0,96,93.33333333333333
Bad,59,244.0,4,76,27,0,80,6.0,4,5,30,2,40,-0.48519611654772077,2,88,54,7,4,3,93,False,240.0,142,90.0
Good,78,479.0,12,128,30,0,90,13.0,6,6,30,0,30,1.8535939998739495,0,6,50,6,5,1,61,False,467.0,56,100.0
Bad,55,138.0,6,43,3,0,50,73.0,6,6,4,1,50,-0.48519611654772077,2,131,90,1,1,1,100,False,132.0,221,75.0
Bad,62,260.0,3,74,29,0,86,1.0,3,5,35,6,40,,5,27,73,7,8,0,63,True,257.0,100,82.85714285714286
Good,76,268.0,1,78,23,0,100,,7,8,35,6,28,-0.48519611654772077,2,13,53,4,2,0,43,True,267.0,66,65.71428571428571
Bad,51,169.0,5,70,19,0,62,2.0,4,6,21,1,33,-0.48519611654772077,0,87,48,5,2,4,64,False,164.0,135,90.47619047619048
Good,70,241.0,4,88,10,0,75,56.0,6,5,13,1,50,-0.48519611654772077,0,39,68,4,2,2,100,False,237.0,107,76.92307692307692
Bad,64,151.0,9,65,30,1,100,,6,8,31,1,19,,1,56,21,10,3,5,76,True,142.0,77,96.7741935483871
Good,82,174.0,6,74,25,0,100,,7,8,26,1,23,0.5778903000075839,0,19,77,2,3,0,67,True,168.0,96,96.15384615384616
Good,77,298.0,10,121,23,0,100,,7,8,24,2,25,-0.2725788332366598,3,48,87,5,1,1,67,True,288.0,135,95.83333333333333
Good,73,134.0,11,54,23,0,100,,7,8,24,1,46,-0.059961549925598906,1,47,58,4,4,1,67,True,123.0,105,95.83333333333333
Bad,69,147.0,3,65,38,0,100,,7,8,41,4,44,-0.2725788332366598,4,51,73,3,3,1,46,True,144.0,124,92.6829268292683
Good,76,292.0,1,110,38,0,98,67.0,6,6,44,3,18,0.7905075833186448,0,21,96,7,2,2,59,False,291.0,117,86.36363636363636
Good,77,90.0,10,41,3,0,100,,7,8,3,1,67,-0.48519611654772077,0,26,83,1,2,0,100,True,80.0,109,100.0
Bad,65,115.0,9,49,18,1,100,,7,8,21,1,30,-0.48519611654772077,1,56,81,7,2,3,82,True,106.0,137,85.71428571428571
Bad,79,130.0,15,63,12,0,92,33.0,6,6,12,0,42,-0.48519611654772077,0,12,58,2,1,2,60,False,115.0,70,100.0
Bad,65,277.0,6,79,27,0,93,25.0,6,6,30,4,21,-0.48519611654772077,11,29,43,6,3,2,56,False,271.0,72,90.0
Bad,75,360.0,1,43,18,0,100,,7,8,37,6,32,,0,36,38,3,3,0,55,True,359.0,74,48.648648648648646
Bad,74,369.0,6,80,19,1,95,17.0,6,2,19,2,5,,0,21,58,6,2,0,67,True,363.0,79,100.0
Good,78,317.0,13,77,33,0,97,33.0,6,6,35,0,21,,0,5,58,3,2,0,31,True,304.0,63,94.28571428571429
Bad,80,172.0,2,32,38,0,100,,6,7,39,14,33,-0.48519611654772077,29,6,88,5,4,0,38,True,170.0,94,97.43589743589743
Bad,67,89.0,1,36,16,0,100,,7,8,19,5,26,-0.48519611654772077,4,63,29,6,2,3,73,True,88.0,92,84.21052631578948
Bad,66,136.0,6,62,55,1,98,14.0,6,2,57,4,23,-0.48519611654772077,1,41,60,9,5,4,56,False,130.0,101,96.49122807017544
Bad,82,153.0,9,54,18,0,100,,7,8,18,1,44,2.4914458498071324,0,9,58,2,1,0,38,True,144.0,67,100.0
Bad,54,266.0,5,99,54,0,96,11.0,4,6,56,2,43,-0.059961549925598906,3,58,67,12,6,3,69,False,261.0,125,96.42857142857143
Bad,56,91.0,3,46,27,0,96,9.0,4,6,27,5,19,-0.059961549925598906,1,86,69,17,2,8,87,False,88.0,155,100.0
Bad,88,188.0,17,107,9,0,100,,7,8,16,0,33,,0,0,69,1,2,0,57,True,171.0,69,56.25
Good,84,49.0,6,28,13,0,100,,7,8,13,1,46,-0.48519611654772077,1,1,59,1,2,0,60,True,43.0,60,100.0
Bad,60,47.0,12,31,2,0,33,5.0,4,6,3,0,33,-0.48519611654772077,0,72,58,1,2,0,100,False,35.0,130,66.66666666666667
Good,75,85.0,2,60,7,1,78,27.0,6,4,9,2,44,-0.48519611654772077,0,5,58,3,1,1,80,False,83.0,63,77.77777777777777
Good,60,261.0,2,121,10,0,46,41.0,6,5,13,1,38,-0.059961549925598906,1,4,101,3,2,0,100,False,259.0,105,76.92307692307692
Bad,63,112.0,4,54,17,1,89,21.0,6,2,19,1,37,-0.48519611654772077,0,72,97,7,3,4,91,False,108.0,169,89.47368421052632
Bad,62,144.0,2,43,22,0,100,,7,8,23,3,35,-0.48519611654772077,1,74,41,6,4,3,71,True,142.0,115,95.65217391304348
Bad,69,192.0,2,106,27,1,88,15.0,6,4,32,5,53,,2,15,23,4,4,0,67,True,190.0,38,84.375
Good,68,148.0,7,65,17,0,83,31.0,6,6,18,1,44,-0.48519611654772077,0,28,48,2,2,2,40,False,141.0,76,94.44444444444444
Good,75,231.0,7,83,28,2,97,78.0,6,6,30,2,77,-0.2725788332366598,1,10,73,2,3,0,63,False,224.0,83,93.33333333333333
Bad,83,175.0,26,69,16,0,100,,7,8,16,0,38,-0.48519611654772077,1,4,43,2,2,0,40,True,149.0,47,100.0
Bad,72,21.0,8,16,3,0,100,,7,8,3,1,67,-0.48519611654772077,1,4,87,1,2,1,100,True,13.0,91,100.0
Bad,60,89.0,3,40,27,0,100,,7,8,27,5,37,,1,89,54,11,2,6,81,True,86.0,143,100.0
Bad,62,154.0,6,84,11,0,92,1.0,3,5,12,1,25,-0.48519611654772077,2,5,93,1,2,0,75,False,148.0,98,91.66666666666667
Good,83,196.13915857605178,12,82,10,0,85,75.0,6,6,13,0,46,0.5778903000075839,0,2,87,1,1,0,67,False,184.13915857605178,89,76.92307692307692
Bad,58,264.0,13,78,24,0,92,1.0,4,6,25,0,28,-0.48519611654772077,4,70,23,13,2,5,94,False,251.0,93,96.0
Bad,62,164.0,9,47,13,0,100,,7,8,13,3,31,-0.48519611654772077,1,81,87,5,2,4,88,True,155.0,168,100.0
Bad,88,199.0,4,112,5,0,100,,7,8,5,1,40,0.15265573338546204,1,5,98,3,1,0,100,True,195.0,103,100.0
Good,86,167.0,5,65,46,0,100,,7,8,47,4,20,0.36527301669652296,1,2,58,1,2,0,13,True,162.0,60,97.87234042553192
Bad,68,63.0,1,28,14,0,93,37.0,6,6,15,2,53,,0,31,58,1,1,0,50,True,62.0,89,93.33333333333333
Bad,70,278.0,11,87,16,0,94,12.0,6,5,31,1,18,,1,74,66,7,3,3,100,True,267.0,140,51.61290322580645
Bad,55,156.0,5,65,59,1,98,2.0,4,6,59,5,36,-0.2725788332366598,11,44,91,7,5,1,92,False,151.0,135,100.0
Bad,71,135.0,24,73,21,1,87,15.0,6,4,23,0,4,-0.48519611654772077,0,26,58,4,1,1,55,False,111.0,84,91.30434782608695
Bad,76,87.0,2,34,30,0,100,,7,8,35,6,34,-0.48519611654772077,16,4,60,9,1,0,65,True,85.0,64,85.71428571428571
Bad,61,108.0,1,64,3,0,67,79.0,6,6,8,2,50,-0.48519611654772077,4,81,81,1,1,1,75,False,107.0,162,37.5
Good,77,132.0,8,70,23,0,100,,7,8,23,1,48,0.15265573338546204,2,21,88,2,3,0,71,True,124.0,109,100.0
Good,84,137.0,3,87,22,0,95,13.0,6,6,22,1,41,-0.48519611654772077,0,8,58,2,1,0,43,False,134.0,66,100.0
Bad,68,27.0,0,15,12,0,100,,7,8,13,5,31,-0.48519611654772077,5,14,72,3,3,0,67,True,27.0,86,92.3076923076923
Bad,63,88.0,8,41,25,0,92,20.0,6,6,26,1,35,-0.48519611654772077,2,25,72,3,3,2,38,False,80.0,97,96.15384615384616
Bad,63,103.0,5,37,29,0,90,3.0,4,5,31,3,37,0.7905075833186448,0,32,95,8,5,0,57,False,98.0,127,93.54838709677419
Good,77,173.0,11,59,7,1,100,,7,8,8,1,43,-0.48519611654772077,0,69,58,1,1,0,100,True,162.0,127,87.5
Bad,75,94.0,1,24,10,0,100,,7,8,11,5,27,-0.059961549925598906,4,18,66,3,2,0,63,True,93.0,84,90.9090909090909
Good,60,106.0,2,61,25,0,93,41.0,6,6,27,1,22,-0.48519611654772077,0,88,100,13,1,5,93,False,104.0,188,92.5925925925926
Good,79,165.0,2,100,31,1,95,72.0,6,3,37,3,73,1.0031248666297057,0,11,58,2,1,0,60,False,163.0,69,83.78378378378379
Bad,59,68.0,68,68,1,1,100,,0,8,1,0,100,-0.48519611654772077,0,30,58,4,1,1,100,True,0.0,88,100.0
Good,88,422.0,13,127,23,0,100,,7,8,24,0,17,-0.48519611654772077,2,2,58,2,1,0,38,True,409.0,60,95.83333333333333
Bad,56,184.0,2,113,19,1,56,4.0,3,2,27,1,22,-0.48519611654772077,1,50,58,9,2,1,75,False,182.0,108,70.37037037037037
Bad,66,139.0,11,80,7,0,100,,7,8,8,1,25,-0.48519611654772077,0,86,58,2,1,2,100,True,128.0,144,87.5
Bad,61,272.0,1,70,8,1,78,20.0,6,6,10,4,22,-0.48519611654772077,9,22,65,3,2,0,63,False,271.0,87,80.0
Bad,67,97.0,2,46,8,0,100,,7,8,9,1,33,-0.48519611654772077,1,66,48,5,2,1,88,True,95.0,114,88.88888888888889
Bad,80,181.0,9,53,13,0,100,,7,8,13,1,62,-0.48519611654772077,0,44,92,2,3,0,83,True,172.0,136,100.0
Good,86,222.0,5,86,26,0,96,,6,7,30,2,31,,0,24,58,3,2,0,60,True,217.0,82,86.66666666666667
Good,84,168.0,4,66,15,0,100,,7,8,43,2,40,-0.48519611654772077,2,3,62,3,2,0,86,True,164.0,65,34.883720930232556
Good,91,425.0,61,127,14,0,100,,7,8,15,0,14,-0.48519611654772077,0,3,58,4,1,0,71,True,364.0,61,93.33333333333333
Good,89,245.0,184,215,2,0,100,,7,8,37,0,0,4.19238411629562,0,3,58,1,2,0,50,True,61.0,61,5.405405405405405
Bad,84,85.0,4,42,5,0,100,,7,8,5,1,40,-0.48519611654772077,0,0,58,0,2,0,50,True,81.0,58,100.0
Good,75,416.0,4,167,7,2,89,28.0,6,2,10,2,33,-0.48519611654772077,1,8,57,5,2,0,88,False,412.0,65,70.0
Bad,67,217.0,12,82,27,3,72,30.0,6,3,32,0,41,-0.48519611654772077,3,5,85,1,4,1,45,False,205.0,90,84.375
Good,82,308.0,8,109,38,0,100,,7,8,44,2,50,0.15265573338546204,1,1,84,4,1,1,38,True,300.0,85,86.36363636363636
Bad,74,385.0,2,72,35,1,95,69.0,6,4,37,6,49,0.15265573338546204,1,34,95,3,5,0,75,False,383.0,129,94.5945945945946
Bad,57,137.0,3,56,16,1,71,17.0,6,6,18,2,41,-0.48519611654772077,0,81,99,5,3,1,89,False,134.0,180,88.88888888888889
Bad,60,146.0,11,99,16,0,81,7.0,4,6,16,1,13,1.6409767165628886,0,42,58,7,1,2,80,False,135.0,100,100.0
Good,72,106.0,14,75,9,0,50,44.0,6,6,10,0,30,-0.48519611654772077,0,0,58,0,2,1,0,False,92.0,58,90.0
Good,86,197.0,10,95,20,0,100,,7,8,24,1,58,-0.48519611654772077,0,8,58,4,1,0,63,True,187.0,66,83.33333333333333
Bad,63,174.0,1,62,11,0,79,5.0,3,5,14,1,29,-0.48519611654772077,5,37,101,5,2,2,70,False,173.0,138,78.57142857142857
Bad,65,182.0,11,53,12,1,100,,6,8,12,1,8,-0.059961549925598906,2,46,58,5,1,2,86,True,171.0,104,100.0
Good,75,156.0,6,60,28,0,100,,7,8,29,3,32,1.4283594332518275,0,42,93,5,1,0,67,True,150.0,135,96.55172413793103
Bad,50,202.0,2,55,32,2,84,3.0,0,5,39,6,36,-0.48519611654772077,5,69,97,6,6,1,63,False,200.0,166,82.05128205128206
Good,63,232.0,2,103,14,2,88,21.0,6,4,17,1,6,-0.2725788332366598,4,11,58,1,2,0,17,False,230.0,69,82.3529411764706
Good,58,14.0,1,6,3,0,100,,7,8,5,4,40,,15,98,58,2,2,1,80,True,13.0,156,60.0
Bad,54,203.0,4,78,47,5,90,6.0,0,2,49,2,76,-0.48519611654772077,3,56,90,5,14,0,86,False,199.0,146,95.91836734693878
Bad,71,209.0,7,88,35,0,91,19.0,6,6,35,3,34,,0,38,61,6,7,0,87,True,202.0,99,100.0
Bad,66,102.0,7,52,35,1,100,,6,8,35,2,49,,1,87,76,5,3,3,80,True,95.0,163,100.0
Bad,57,134.0,3,66,36,0,97,22.0,6,6,36,3,25,-0.48519611654772077,2,64,29,11,5,9,71,False,131.0,93,100.0
Bad,56,246.0,7,83,18,1,77,3.0,1,3,23,1,36,,0,49,94,3,1,1,80,True,239.0,143,78.26086956521739
Good,75,159.0,10,58,9,1,91,66.0,6,3,11,1,9,-0.48519611654772077,3,15,58,2,1,0,63,False,149.0,73,81.81818181818181
Bad,61,329.0,20,94,16,4,94,5.0,0,2,17,0,47,3.341914983051376,0,63,3,2,3,1,100,False,309.0,66,94.11764705882354
Good,77,178.0,14,107,20,0,100,,7,8,22,0,55,-0.2725788332366598,1,39,86,4,2,0,100,True,164.0,125,90.9090909090909
Bad,68,171.0,6,89,16,0,94,71.0,6,6,17,1,12,-0.48519611654772077,1,51,58,5,1,4,50,False,165.0,109,94.11764705882354
Good,63,74.0,12,44,21,0,95,22.0,6,5,22,0,14,,1,54,83,11,1,4,80,True,62.0,137,95.45454545454545
Bad,65,134.0,5,79,16,2,61,9.0,4,2,23,2,30,,0,18,96,2,2,0,57,True,129.0,114,69.56521739130434
Bad,71,164.0,10,81,12,0,100,,7,8,12,1,33,-0.48519611654772077,0,83,40,5,2,2,78,True,154.0,123,100.0
Good,86,152.0,2,71,19,0,100,,7,8,20,1,50,-0.48519611654772077,4,2,58,1,1,0,29,True,150.0,60,95.0
Bad,88,163.0,11,87,9,0,90,13.0,6,6,10,1,20,-0.48519611654772077,0,2,58,2,2,0,40,False,152.0,60,90.0
Good,77,129.0,15,66,19,0,95,48.0,6,6,19,0,47,2.4914458498071324,0,40,29,2,2,0,80,False,114.0,69,100.0
Bad,54,194.0,11,85,11,2,43,3.0,3,2,30,1,36,,0,55,58,4,1,1,83,True,183.0,113,36.666666666666664
Good,85,182.0,17,96,19,0,96,48.0,6,6,24,0,42,1.4283594332518275,0,5,58,2,1,0,75,False,165.0,63,79.16666666666667
Bad,65,176.0,3,93,40,0,100,,7,8,45,9,36,-0.059961549925598906,2,81,71,8,6,2,88,True,173.0,152,88.88888888888889
Bad,69,66.0,8,32,14,1,93,9.0,0,2,15,4,53,,0,9,86,2,3,1,78,True,58.0,95,93.33333333333333
Bad,55,171.0,10,65,52,1,98,1.0,4,6,54,1,69,-0.2725788332366598,2,83,56,6,12,2,90,False,161.0,139,96.29629629629629
Good,80,172.0,1,92,21,0,100,,7,8,22,2,27,-0.48519611654772077,1,37,58,4,1,1,83,True,171.0,95,95.45454545454545
Bad,73,215.0,7,88,38,1,92,23.0,6,6,40,1,38,3.5545322663624375,0,1,78,4,2,1,50,False,208.0,79,95.0
Bad,77,54.0,12,32,3,0,100,,7,8,4,0,33,,1,25,58,2,2,0,100,True,42.0,83,75.0
Bad,73,159.0,7,60,16,0,94,15.0,6,6,16,3,44,,0,72,94,5,2,0,100,True,152.0,166,100.0
Bad,59,255.0,1,87,16,0,76,1.0,4,6,17,1,41,,3,80,43,4,3,3,100,True,254.0,123,94.11764705882354
Good,76,368.0,6,80,31,0,100,,7,8,32,3,16,-0.48519611654772077,0,21,50,8,2,2,65,True,362.0,71,96.875
Bad,75,179.0,6,83,23,0,100,,7,8,23,1,30,,0,43,84,8,2,1,71,True,173.0,127,100.0
Good,64,241.0,2,92,39,0,100,,7,8,50,1,33,-0.48519611654772077,5,68,66,10,1,4,65,True,239.0,134,78.0
Bad,61,275.0,5,102,34,1,87,14.0,6,4,43,1,24,0.15265573338546204,1,58,77,18,3,7,81,False,270.0,135,79.06976744186046
Bad,69,198.0,3,111,21,1,100,,0,8,23,3,26,,1,5,58,2,2,0,57,True,195.0,63,91.30434782608695
Bad,61,244.0,19,86,7,2,50,11.0,4,3,10,0,70,-0.48519611654772077,1,95,54,1,3,1,100,False,225.0,149,70.0
Bad,86,70.0,9,39,10,0,100,,7,8,10,1,10,-0.48519611654772077,0,0,58,1,1,0,22,True,61.0,58,100.0
Good,81,300.0,2,90,18,0,100,,7,8,19,4,21,-0.059961549925598906,1,17,58,3,1,1,31,True,298.0,75,94.73684210526316
Good,78,295.0,9,91,28,0,100,,7,8,28,1,4,-0.48519611654772077,1,23,58,12,2,1,71,True,286.0,81,100.0
Good,80,268.0,3,96,41,0,98,46.0,6,6,41,1,41,-0.059961549925598906,5,7,83,2,5,0,58,False,265.0,90,100.0
Good,80,181.0,19,100,17,0,100,,7,8,17,0,6,-0.48519611654772077,1,16,58,2,1,1,80,True,162.0,74,100.0
Good,56,177.0,4,61,10,2,53,3.0,4,2,17,3,53,-0.48519611654772077,1,62,78,5,2,1,88,False,173.0,140,58.8235294117647
Good,68,191.0,7,67,25,1,89,20.0,6,3,32,2,22,2.704063133118193,0,51,44,9,2,5,73,False,184.0,95,78.125
Bad,69,75.0,8,32,18,0,100,,6,8,18,3,44,-0.48519611654772077,0,50,88,6,4,2,91,True,67.0,138,100.0
Bad,68,235.0,9,117,16,1,89,0.0,0,2,19,1,53,-0.48519611654772077,3,27,48,1,3,0,83,False,226.0,75,84.21052631578948
Bad,67,196.13915857605178,30,78,10,0,92,1.0,4,6,13,0,62,,1,73,42,2,2,1,100,True,166.13915857605178,115,76.92307692307692
Bad,70,68.0,2,41,6,0,100,,7,8,7,1,57,-0.48519611654772077,0,91,17,2,2,1,100,True,66.0,108,85.71428571428571
Bad,54,87.0,2,22,33,0,100,,7,8,34,11,24,,5,38,90,17,2,2,79,True,85.0,128,97.05882352941177
Bad,58,171.0,34,115,3,2,29,2.0,4,3,7,0,43,-0.48519611654772077,0,81,58,1,1,1,100,False,137.0,139,42.857142857142854
Bad,72,365.0,11,83,22,0,100,,7,8,22,1,41,-0.48519611654772077,0,49,23,6,2,1,73,True,354.0,72,100.0
Bad,65,330.0,13,97,37,0,86,12.0,6,5,43,0,53,-0.48519611654772077,0,61,60,9,2,3,79,False,317.0,121,86.04651162790698
Bad,59,131.0,7,81,13,0,69,5.0,4,5,17,1,50,,2,75,58,3,2,1,100,True,124.0,133,76.47058823529412
Bad,55,180.0,65,115,5,3,31,15.0,6,3,17,0,19,-0.48519611654772077,0,34,61,4,2,1,86,False,115.0,95,29.41176470588235
Bad,58,58.0,3,22,16,0,100,,7,8,16,5,19,-0.48519611654772077,4,66,95,10,2,2,86,True,55.0,161,100.0
Good,75,98.0,20,52,7,0,100,,7,8,7,0,100,-0.48519611654772077,0,30,42,4,3,1,100,True,78.0,72,100.0
Good,82,205.0,5,68,15,0,87,19.0,6,6,15,3,33,-0.48519611654772077,0,5,58,3,1,0,40,False,200.0,63,100.0
Good,84,170.0,18,86,19,0,100,,7,8,22,0,32,0.15265573338546204,1,28,58,2,1,0,50,True,152.0,86,86.36363636363636
Bad,69,39.0,4,23,7,0,88,14.0,6,5,8,2,13,-0.48519611654772077,8,19,58,3,2,0,50,False,35.0,77,87.5
Bad,77,199.0,2,60,24,0,100,,7,8,29,3,21,-0.48519611654772077,0,66,41,5,3,2,67,True,197.0,107,82.75862068965517
Bad,72,275.0,12,80,4,0,80,9.0,4,6,5,0,60,-0.48519611654772077,0,56,58,1,2,1,75,False,263.0,114,80.0
Bad,62,233.0,7,72,8,0,78,47.0,6,5,9,2,44,-0.48519611654772077,0,95,85,3,2,3,100,False,226.0,180,88.88888888888889
Good,89,225.0,3,81,11,0,100,,7,8,12,2,73,-0.2725788332366598,3,6,91,1,3,0,80,True,222.0,97,91.66666666666667
Good,64,226.0,1,102,44,0,98,1.0,4,6,50,1,28,-0.2725788332366598,2,59,100,10,3,4,62,False,225.0,159,88.0
Good,81,370.0,6,78,25,0,96,24.0,6,6,26,1,42,-0.48519611654772077,1,0,67,1,3,0,40,False,364.0,67,96.15384615384616
Bad,61,179.0,5,63,33,0,97,10.0,4,6,35,2,31,-0.48519611654772077,2,59,58,5,1,2,55,False,174.0,117,94.28571428571429
Bad,77,53.0,3,24,13,0,100,,7,8,13,4,46,,1,19,99,3,2,0,56,True,50.0,118,100.0
Good,83,83.0,22,80,7,0,100,,7,8,11,0,29,-0.059961549925598906,1,30,43,2,1,0,75,True,61.0,73,63.63636363636363
Good,57,382.0,6,125,36,0,62,28.0,6,5,45,4,27,-0.48519611654772077,2,72,93,10,5,3,76,False,376.0,165,80.0
Bad,59,32.0,10,23,3,1,100,,7,8,4,1,67,-0.48519611654772077,1,90,58,1,1,1,100,True,22.0,148,75.0
Bad,61,189.0,35,107,8,4,70,12.0,6,6,10,0,40,-0.48519611654772077,2,0,58,0,1,1,50,False,154.0,58,80.0
Bad,59,132.0,13,58,20,0,75,7.0,4,6,20,0,35,,1,94,58,4,1,2,83,True,119.0,152,100.0
Bad,80,131.0,19,66,7,0,100,,7,8,7,0,71,-0.48519611654772077,0,30,74,1,2,1,100,True,112.0,104,100.0
Good,79,75.0,2,37,15,0,100,,7,8,16,3,44,-0.2725788332366598,1,20,83,2,3,0,56,True,73.0,103,93.75
Bad,67,110.0,7,46,33,1,97,9.0,4,4,38,1,26,,1,41,23,9,2,2,87,True,103.0,64,86.84210526315789
