RiskPerformance,ExternalRiskEstimate,MSinceOldestTradeOpen,MSinceMostRecentTradeOpen,AverageMInFile,NumSatisfactoryTrades,NumTrades90Ever2DerogPubRec,PercentTradesNeverDelq,MSinceMostRecentDelq,MaxDelq2PublicRecLast12M,MaxDelqEver,NumTotalTrades,NumTradesOpeninLast12M,PercentInstallTrades,MSinceMostRecentInqexcl7days,NumInqLast6Mexcl7days,NetFractionRevolvingBurden,NetFractionInstallBurden,NumRevolvingTradesWBalance,NumInstallTradesWBalance,NumBank2NatlTradesWHighUtilization,PercentTradesWBalance,DelqEver,DelqLast12M,PercentSatisfactoryTrades,NumTradesWBalance
Bad,88,324,18,126,17,0,100,122.0,7,7,17,0,6,35,0,4,,5,1,1,75,False,False,100.0,12
Bad,73,164,10,75,7,0,100,122.0,7,7,7,2,29,1,1,76,14.0,1,2,1,75,False,False,100.0,5
Bad,68,143,1,52,35,0,94,1.0,6,6,36,4,19,0,0,7,100.0,5,3,0,53,True,True,97.0,19
Good,75,203,2,79,41,0,98,42.0,7,6,43,4,19,1,2,16,9.0,6,2,1,73,True,False,95.0,31
Bad,59,180,5,55,45,1,80,0.0,6,4,49,6,65,1,2,20,87.0,7,4,0,80,True,True,92.0,39
Bad,62,298,16,62,30,1,97,21.0,7,3,53,0,32,35,1,70,56.0,8,3,3,79,True,False,57.0,41
Good,70,181,7,64,13,1,93,29.0,7,2,14,2,36,35,0,54,83.0,4,2,0,100,True,False,93.0,14
Good,72,302,36,105,13,1,93,35.0,7,2,14,0,14,0,0,69,,5,2,2,83,True,False,93.0,11
Bad,69,114,16,54,21,0,100,122.0,7,7,21,0,48,0,4,57,80.0,8,3,2,92,False,False,100.0,19
Good,82,156,21,84,12,0,100,122.0,7,7,12,0,42,0,0,73,68.0,3,2,0,100,False,False,100.0,12
Good,77,178,5,80,18,0,100,122.0,7,7,18,3,39,4,2,24,,4,1,0,71,False,False,100.0,12
Bad,77,316,4,85,53,0,100,122.0,7,7,57,4,21,0,1,20,97.0,10,4,3,50,False,False,93.0,28
Bad,63,137,5,70,10,4,92,6.0,2,2,13,1,75,35,1,68,90.0,1,3,0,100,True,True,77.0,13
Bad,64,175,20,115,13,0,56,35.0,7,5,16,0,19,19,0,85,74.0,9,1,6,91,True,False,81.0,14
Bad,63,327,13,166,14,1,94,5.0,2,2,16,0,13,5,0,0,,1,1,0,27,True,True,88.0,4
Good,75,194,18,89,12,0,100,122.0,7,7,12,0,17,3,2,87,61.0,1,2,1,100,False,False,100.0,12
Good,82,187,11,82,28,0,96,32.0,7,6,28,1,50,4,2,4,59.0,3,2,0,56,True,False,100.0,15
Bad,57,47,3,31,9,1,80,13.0,7,6,11,1,40,0,0,72,100.0,3,2,1,83,True,False,82.0,9
Good,75,130,1,61,20,0,100,122.0,7,7,21,3,19,0,0,57,98.0,3,3,2,43,False,False,95.0,9
Bad,69,193,7,62,15,0,100,122.0,7,7,16,1,44,6,0,77,70.0,5,3,4,80,False,False,94.0,12
Bad,68,86,7,27,11,1,92,7.0,2,2,12,3,50,0,1,0,95.0,0,3,1,50,True,True,92.0,6
Good,86,380,3,138,23,0,100,122.0,7,7,23,1,13,0,1,5,99.0,3,2,0,42,False,False,100.0,9
Bad,63,10,2,6,1,0,100,122.0,7,7,2,2,50,0,8,64,,1,1,1,100,False,False,50.0,2
Bad,80,202,44,147,5,0,100,122.0,7,7,5,0,0,0,0,77,,3,2,1,100,False,False,100.0,5
Bad,58,126,8,58,3,2,75,70.0,7,2,5,2,50,0,1,30,50.0,4,2,1,100,True,False,60.0,5
Bad,60,170,7,59,21,0,96,57.0,7,6,26,3,69,0,2,88,,7,1,3,100,True,False,81.0,26
Good,78,167,0,66,33,0,100,122.0,7,7,56,3,29,35,0,0,76.0,2,4,0,43,False,False,59.0,24
Bad,59,183,2,72,34,0,94,4.0,6,6,35,3,37,3,1,43,87.0,8,2,3,63,True,True,97.0,22
Bad,59,153,18,89,31,0,79,0.0,6,5,38,0,24,35,0,61,23.0,9,2,2,79,True,True,82.0,30
Good,67,180,6,73,21,0,82,2.0,6,5,22,2,45,1,1,5,70.0,6,7,0,81,True,True,95.0,17
Good,79,168,9,58,21,0,90,76.0,7,6,21,3,38,0,0,27,88.0,5,3,0,62,True,False,100.0,13
Good,77,133,1,64,22,0,91,24.0,7,6,23,1,61,1,1,33,79.0,1,4,0,71,True,False,96.0,16
Good,69,181,8,31,7,1,78,28.0,7,2,9,2,78,35,1,8,33.0,1,3,0,80,True,False,78.0,7
Bad,57,260,10,136,9,3,82,2.0,2,2,11,1,18,0,1,34,,1,1,0,50,True,True,82.0,5
Bad,74,129,1,70,20,0,100,122.0,7,7,22,3,32,35,0,61,84.0,6,3,4,75,False,False,91.0,16
Good,71,163,5,64,42,0,95,2.0,6,6,42,3,24,4,3,1,,4,1,0,31,True,True,100.0,13
Good,79,209,29,100,22,0,100,122.0,7,7,22,0,36,0,0,56,38.0,4,2,2,60,False,False,100.0,13
Bad,58,191,6,92,51,0,87,9.0,6,6,53,1,26,0,3,60,58.0,14,2,3,85,True,True,96.0,45
Bad,68,180,1,91,9,1,82,22.0,7,3,11,2,9,0,2,27,,4,2,1,67,True,False,82.0,7
Good,74,203,1,66,27,0,93,3.0,6,6,30,1,20,0,3,2,86.0,2,2,0,57,True,True,90.0,17
Bad,73,201,16,108,13,0,93,12.0,7,6,14,0,21,0,0,47,77.0,6,2,1,89,True,False,93.0,12
Bad,62,76,1,26,14,0,83,56.0,7,5,18,7,67,0,2,61,92.0,6,4,1,100,True,False,78.0,18
Bad,83,350,10,101,32,0,97,67.5,7,6,32,1,19,0,0,2,61.0,3,4,0,54,True,False,100.0,17
Good,84,186,15,71,15,0,100,122.0,7,7,15,0,27,0,0,13,75.0,1,2,0,50,False,False,100.0,7
Bad,71,293,5,74,22,1,91,5.0,6,2,23,2,13,35,1,18,94.0,6,2,0,47,True,True,96.0,10
Bad,69,167,12,60,9,3,90,31.0,7,2,10,0,20,0,0,84,18.0,2,1,2,60,True,False,90.0,6
Bad,87,178,3,91,22,0,100,122.0,7,7,24,2,29,2,6,7,68.0,2,2,0,44,False,False,92.0,10
Good,75,342,26,170,13,0,69,62.0,7,5,16,0,31,0,0,70,,4,1,1,63,True,False,81.0,10
Bad,69,211,2,69,11,0,93,67.5,7,6,12,3,36,35,2,95,77.0,4,3,3,100,True,False,92.0,12
Good,81,144,5,61,18,0,100,122.0,7,7,20,4,25,0,0,42,,3,2,0,60,False,False,90.0,12
Good,80,190,4,88,30,0,100,122.0,7,7,32,2,53,35,0,62,41.0,2,3,0,83,False,False,94.0,26
Good,88,277,10,127,24,0,100,122.0,7,7,25,1,40,12,0,2,86.0,3,2,0,45,False,False,96.0,11
Bad,77,154,3,55,31,0,100,122.0,7,7,32,6,63,2,1,26,74.0,5,14,0,86,False,False,97.0,27
Bad,65,180,2,81,7,0,73,15.0,7,5,11,2,18,0,0,81,,2,1,1,100,True,False,64.0,11
Bad,88,227,4,90,11,0,100,122.0,7,7,11,1,18,35,1,3,,3,1,1,50,False,False,100.0,5
Bad,67,115,16,55,21,0,96,14.0,7,6,26,0,58,0,0,56,84.0,5,4,1,82,True,False,81.0,21
Bad,72,220,7,91,36,0,100,122.0,7,7,36,4,22,0,1,44,86.0,7,2,2,56,False,False,100.0,20
Bad,59,94,4,33,31,0,94,11.0,6,6,31,3,29,35,0,48,96.0,10,3,0,76,True,True,100.0,23
Good,75,167,1,70,7,0,88,67.5,7,6,8,1,25,0,0,18,100.0,2,2,2,57,True,False,88.0,4
Bad,66,77,5,25,8,0,100,122.0,7,7,8,5,13,0,1,93,72.0,5,1,1,100,False,False,100.0,8
Bad,76,212,14,87,21,0,100,122.0,7,7,21,0,33,35,0,40,85.0,7,2,0,90,False,False,100.0,18
Good,82,144,9,61,24,0,96,49.0,7,5,25,1,24,0,1,5,47.0,4,2,0,46,True,False,96.0,11
Bad,88,274,11,105,11,0,100,122.0,7,7,11,1,18,0,0,27,1.0,3,1,0,67,False,False,100.0,7
Bad,67,250,6,103,26,0,88,1.0,6,6,26,1,35,0,0,79,60.0,4,2,2,75,True,True,100.0,19
Good,71,194,12,69,29,0,93,6.0,6,6,31,0,27,2,2,36,69.0,4,2,1,67,True,True,94.0,20
Bad,57,204,6,73,28,1,97,1.0,2,2,29,6,41,0,0,14,96.0,4,4,1,62,True,True,97.0,17
Bad,67,118,6,37,23,2,88,70.0,7,2,26,5,42,0,0,31,70.0,5,3,1,67,True,False,88.0,17
Bad,77,216,8,137,10,0,100,122.0,7,7,10,1,0,0,3,49,,4,2,2,50,False,False,100.0,5
Good,85,371,1,141,24,0,100,122.0,7,7,25,2,28,0,0,14,56.0,5,2,1,70,False,False,96.0,17
Good,80,208,12,76,30,0,97,23.0,7,5,31,0,13,0,0,1,71.0,5,2,0,35,True,False,97.0,10
Bad,59,204,9,70,5,1,43,10.0,2,2,7,1,29,0,0,85,48.0,3,2,1,100,True,True,71.0,7
Good,70,300,2,68,33,0,94,13.0,7,6,34,1,26,0,1,4,69.0,5,5,4,69,True,False,97.0,23
Good,82,205,2,86,30,0,97,39.0,7,6,31,4,19,0,2,2,75.0,7,1,0,44,True,False,97.0,13
Bad,75,177,2,84,28,0,100,122.0,7,7,31,3,32,35,0,44,97.0,6,3,3,77,False,False,90.0,23
Good,76,222,4,85,47,0,100,122.0,7,7,47,2,28,0,0,37,59.0,4,4,0,53,False,False,100.0,24
Good,79,236,6,77,37,0,95,33.0,7,6,37,1,49,0,0,7,79.0,4,4,0,73,True,False,100.0,27
Bad,57,346,25,68,13,1,73,4.0,6,6,26,0,53,9,0,0,53.0,2,4,0,67,True,True,50.0,17
Good,85,173,16,51,9,0,100,122.0,7,7,28,0,0,0,1,13,,4,2,0,80,False,False,32.0,22
Good,72,428,18,102,26,0,96,14.0,7,6,26,0,19,17,0,22,53.0,2,3,2,33,True,False,100.0,8
Good,71,142,10,65,22,0,100,122.0,7,7,23,1,45,4,1,55,71.0,5,3,1,89,False,False,96.0,20
Bad,63,141,17,76,16,0,88,3.0,6,6,17,0,29,13,0,58,,4,2,2,100,True,True,94.0,17
Good,58,214,20,122,6,2,54,2.0,6,3,13,0,62,35,0,11,60.0,3,2,0,83,True,True,46.0,10
Bad,83,92,2,41,18,0,100,122.0,7,7,19,7,32,35,0,13,92.0,7,2,0,69,False,False,95.0,13
Bad,72,140,13,61,13,0,100,122.0,7,7,13,0,8,35,3,51,,3,2,1,60,False,False,100.0,7
Good,83,151,6,82,27,0,100,122.0,7,7,27,2,44,0,0,17,101.0,2,2,0,80,False,False,100.0,21
Good,89,180,11,77,37,0,100,122.0,7,7,41,1,24,5,1,1,,3,1,0,29,False,False,90.0,11
Bad,59,117,18,73,7,1,50,17.0,7,2,8,0,50,0,0,76,58.0,1,3,1,80,True,False,88.0,6
Bad,58,164,2,88,17,3,86,4.0,6,4,24,2,41,0,4,24,59.0,4,3,1,78,True,True,71.0,18
Good,66,272,2,95,44,0,100,122.0,7,7,49,3,29,0,4,63,64.0,16,4,6,80,False,False,90.0,39
Good,78,192,3,91,55,0,98,12.0,7,6,57,2,18,3,1,1,,9,1,0,28,True,False,96.0,15
Bad,91,291,7,88,26,0,100,122.0,7,7,26,2,35,7,0,0,,3,2,0,23,False,False,100.0,5
Good,85,389,8,97,29,0,100,122.0,7,7,30,2,33,0,1,18,76.0,5,1,0,40,False,False,97.0,12
Bad,56,150,12,80,22,0,83,1.0,6,6,23,0,13,0,0,85,,8,2,4,100,True,True,96.0,23
Good,81,342,16,129,14,1,94,50.0,7,2,18,0,39,0,0,2,14.0,1,3,0,100,True,False,78.0,18
Good,70,316,2,104,37,0,100,122.0,7,7,38,4,5,2,2,43,99.0,8,2,2,56,False,False,97.0,21
Good,92,211,20,124,33,0,100,122.0,7,7,34,0,15,35,0,0,,2,1,0,27,False,False,97.0,9
Good,70,327,4,82,37,0,100,122.0,7,7,37,4,16,0,2,31,88.0,7,3,3,56,False,False,100.0,20
Bad,57,74,5,30,14,0,94,63.0,7,5,16,3,44,0,0,96,61.0,7,2,1,91,True,False,88.0,14
Good,63,135,36,70,7,0,55,1.0,6,5,11,0,55,8,0,23,33.0,1,3,1,80,True,True,64.0,8
Good,73,134,3,55,26,0,100,122.0,7,7,26,5,35,6,0,64,33.0,4,2,2,64,False,False,100.0,16
Good,84,320,2,121,24,0,100,122.0,7,7,25,2,28,35,2,6,,4,2,1,50,False,False,96.0,12
Bad,83,416,16,175,25,0,93,44.0,7,5,27,0,11,35,0,22,,6,1,0,64,True,False,93.0,17
Bad,56,135,12,74,34,0,91,3.0,6,5,35,0,20,0,9,55,48.0,8,3,3,61,True,True,97.0,21
Bad,65,157,6,44,13,0,93,30.0,7,5,14,4,36,4,1,23,80.0,3,2,1,67,True,False,93.0,9
Bad,56,126,15,66,22,2,86,0.0,6,6,22,0,23,14,0,21,60.0,4,2,0,55,True,True,100.0,12
Bad,84,215,8,73,25,0,93,38.0,7,5,27,1,41,20,0,0,,0,2,0,17,True,False,93.0,4
Good,86,178,7,75,19,0,100,122.0,7,7,19,2,16,0,1,11,,6,2,0,46,False,False,100.0,8
Good,80,360,2,114,27,0,97,25.0,7,6,29,2,62,0,1,10,100.0,3,2,2,63,True,False,93.0,18
Good,66,272,3,91,27,1,89,5.0,6,6,29,3,11,1,5,20,,3,1,0,27,True,True,93.0,7
Bad,72,259,7,82,41,0,100,122.0,7,7,41,3,22,0,8,37,80.0,10,2,2,60,False,False,100.0,24
Bad,76,138,5,48,20,0,100,122.0,7,7,20,2,35,0,0,40,72.0,2,2,1,50,False,False,100.0,10
Bad,80,94,3,49,27,0,100,122.0,7,7,28,1,14,0,2,21,,4,1,0,45,False,False,96.0,12
Good,67,83,2,36,30,0,97,25.0,7,6,32,8,44,0,3,39,89.0,4,8,0,80,True,False,94.0,25
Bad,59,166,13,72,16,1,68,3.0,6,2,19,0,42,11,0,42,73.0,4,3,2,78,True,True,84.0,14
Bad,49,198,6,95,12,2,55,1.0,6,4,20,2,35,0,2,60,,6,1,1,78,True,True,60.0,15
Bad,65,302,16,91,43,2,91,11.0,6,2,45,0,44,0,0,25,61.0,10,4,1,67,True,True,96.0,30
Good,87,269,3,113,25,0,100,122.0,7,7,57,3,27,2,1,9,,4,1,0,33,False,False,44.0,18
Good,87,155,4,70,35,0,100,122.0,7,7,36,1,19,0,0,2,,2,1,0,20,False,False,97.0,7
Good,84,373,16,107,32,0,100,122.0,7,7,32,0,38,0,1,14,30.0,7,5,0,67,False,False,100.0,21
Good,74,250,18,81,19,0,100,122.0,7,7,20,0,20,0,1,69,54.0,6,3,2,69,False,False,95.0,13
Bad,62,123,4,51,13,0,80,10.0,6,5,16,2,40,7,0,97,93.0,2,4,2,100,True,True,81.0,16
Good,68,172,3,74,23,0,92,5.0,6,5,28,4,28,2,2,6,98.0,1,2,0,25,True,True,82.0,7
Bad,58,94,7,45,7,2,88,67.5,7,4,9,1,63,0,1,81,,2,1,0,75,True,False,78.0,6
Bad,78,138,5,55,20,0,100,122.0,7,7,20,4,25,8,0,30,,2,1,1,23,False,False,100.0,4
Bad,64,157,2,38,6,4,88,33.0,7,2,8,2,50,35,1,34,95.0,3,2,0,83,True,False,75.0,6
Bad,65,64,6,40,14,0,100,122.0,7,7,14,1,36,0,1,95,,3,2,3,86,False,False,100.0,12
Bad,80,225,19,111,18,0,100,122.0,7,7,20,0,55,0,2,5,76.0,3,1,0,80,False,False,90.0,16
Bad,73,169,7,76,12,1,86,9.0,3,3,14,3,14,1,5,14,,1,2,0,33,True,True,86.0,4
Good,71,157,4,75,39,0,95,9.0,6,5,44,2,50,4,3,10,65.0,4,4,0,50,True,True,89.0,22
Bad,56,189,10,90,27,0,69,2.0,6,6,29,1,31,0,2,62,,7,1,2,67,True,True,93.0,19
Bad,64,30,13,20,3,0,67,67.5,7,6,4,0,100,0,0,30,72.0,4,3,1,100,True,False,75.0,4
Good,76,163,15,66,47,0,100,122.0,7,7,47,0,21,0,4,9,82.0,5,6,1,58,False,False,100.0,27
Bad,54,111,3,67,6,2,55,3.0,2,2,11,2,0,0,4,90,,4,2,3,83,True,True,55.0,9
Good,88,161,4,97,29,0,100,122.0,7,7,33,3,48,0,2,7,,1,1,0,33,False,False,88.0,10
Good,77,218,17,116,28,0,97,25.0,7,6,29,0,31,0,0,6,86.0,6,2,1,69,True,False,97.0,20
Bad,60,214,8,86,29,1,94,1.0,6,4,31,2,26,0,1,71,23.0,3,4,1,62,True,True,94.0,19
Good,84,192,22,95,18,0,100,122.0,7,7,18,0,22,14,0,18,63.0,2,2,0,44,False,False,100.0,7
Bad,55,321,3,102,7,0,64,2.0,6,5,11,1,27,0,0,87,100.0,3,2,2,100,True,True,64.0,11
Good,82,231,13,158,15,0,100,122.0,7,7,17,0,24,35,1,31,,4,1,1,56,False,False,88.0,9
Bad,58,138,15,65,9,6,60,14.0,7,2,17,0,60,0,0,38,,3,1,0,80,True,False,53.0,13
Bad,62,140,10,75,6,2,50,6.0,3,2,10,1,50,0,2,52,89.0,2,2,1,100,True,True,60.0,10
Good,80,263,6,106,26,0,92,14.0,7,6,26,2,23,0,0,14,17.0,4,2,1,54,True,False,100.0,14
Bad,68,155,13,48,10,2,90,8.0,6,6,12,0,40,0,0,59,49.0,3,4,0,100,True,True,83.0,12
Good,74,390,1,98,37,0,100,122.0,7,7,38,5,24,0,3,22,64.0,4,1,1,33,False,False,97.0,12
Good,64,233,6,89,39,0,100,122.0,7,7,39,1,33,0,1,63,82.0,7,7,3,78,False,False,100.0,30
Good,82,336,4,106,23,0,100,122.0,7,7,23,1,22,0,2,2,56.0,2,2,0,31,False,False,100.0,7
Good,86,235,7,111,20,0,100,122.0,7,7,20,1,25,0,0,12,70.0,7,2,0,90,False,False,100.0,18
Good,88,331,3,113,20,0,100,122.0,7,7,28,1,24,7,0,10,,4,3,0,70,False,False,71.0,19
Good,62,172,7,70,37,1,90,7.0,6,5,60,2,63,35,0,44,53.0,6,3,1,71,True,True,62.0,42
Good,89,274,11,125,15,0,100,122.0,7,7,15,1,20,16,0,6,96.0,3,2,0,50,False,False,100.0,7
Bad,75,194,2,78,12,0,100,122.0,7,7,13,2,62,35,1,97,86.0,4,3,3,100,False,False,92.0,13
Good,73,131,6,54,11,0,100,122.0,7,7,11,1,27,0,2,76,98.0,5,1,2,100,False,False,100.0,11
Bad,69,306,8,48,21,0,91,18.0,7,6,37,1,27,35,1,38,77.0,5,3,2,50,True,False,57.0,18
Good,78,263,23,102,19,0,95,31.0,7,6,19,0,42,14,0,17,29.0,6,3,0,82,True,False,100.0,15
Good,78,311,5,72,17,0,100,122.0,7,7,17,3,35,35,1,32,,2,2,1,57,False,False,100.0,9
Good,63,207,5,87,19,0,100,122.0,7,7,20,2,20,0,2,10,32.0,3,3,0,46,False,False,95.0,9
Bad,75,125,10,64,7,0,86,6.0,6,6,7,1,43,10,0,5,79.0,1,2,0,60,True,True,100.0,4
Good,90,230,9,84,26,0,100,122.0,7,7,28,2,57,9,0,1,85.0,1,3,0,44,False,False,93.0,12
Good,59,189,3,107,16,0,60,8.0,6,5,20,1,25,35,0,78,96.0,5,2,2,88,True,True,80.0,17
Good,92,279,1,167,4,0,100,122.0,7,7,5,1,0,0,0,4,,2,2,0,100,False,False,80.0,5
Bad,83,160,12,83,24,0,96,24.0,7,5,26,0,19,0,0,1,19.0,4,2,0,46,True,False,92.0,11
Good,84,184,4,98,22,0,100,122.0,7,7,23,1,57,0,2,6,,2,2,0,50,False,False,96.0,11
Bad,65,79,22,54,6,0,75,8.0,6,5,8,0,38,35,1,77,,4,1,0,100,True,True,75.0,8
Bad,61,344,2,87,21,1,86,2.0,6,6,22,5,45,35,4,39,77.0,2,6,1,67,True,True,95.0,14
Good,85,142,75,106,4,0,100,122.0,7,7,4,0,0,0,0,37,,4,2,0,100,False,False,100.0,4
Good,85,192,5,92,24,0,100,122.0,7,7,26,2,46,5,1,2,91.0,4,2,0,67,False,False,92.0,17
Good,84,140,5,74,22,0,100,122.0,7,7,24,2,14,0,1,36,22.0,1,2,0,30,False,False,92.0,7
Good,85,251,3,66,56,0,100,122.0,7,7,61,4,26,0,4,1,,7,1,0,36,False,False,92.0,21
Good,80,261,8,104,22,0,100,122.0,7,7,22,1,59,35,1,39,76.0,3,2,1,71,False,False,100.0,15
Good,69,183,7,46,21,1,86,20.0,7,2,22,2,45,0,1,36,75.0,1,4,0,56,True,False,95.0,12
Bad,72,247,5,93,19,1,90,6.0,6,3,23,3,19,0,4,46,89.0,2,2,1,67,True,True,83.0,15
Bad,50,214,3,77,22,0,83,1.0,6,6,24,3,46,0,2,82,69.0,12,6,6,100,True,True,92.0,24
Good,54,123,6,54,21,0,88,4.0,6,6,26,3,42,0,0,63,45.0,4,3,1,78,True,True,81.0,20
Bad,72,216,2,79,23,1,85,40.0,7,2,27,4,41,0,0,47,,3,2,1,56,True,False,85.0,15
Good,83,364,3,106,22,1,91,27.0,7,3,28,2,13,0,4,17,,4,1,0,63,True,False,79.0,17
Bad,84,73,6,40,6,0,100,122.0,7,7,6,1,67,0,1,1,91.0,1,2,0,100,False,False,100.0,6
Bad,61,181,3,58,12,4,83,18.0,7,6,12,2,33,0,2,68,65.0,4,3,0,64,True,False,100.0,7
Good,69,138,22,71,8,1,80,38.0,7,5,10,0,70,0,3,30,39.0,4,2,1,100,True,False,80.0,10
Bad,87,213,5,90,15,0,100,122.0,7,7,15,2,27,0,1,3,,4,1,0,56,False,False,100.0,8
Good,91,538,47,212,12,0,100,122.0,7,7,12,0,17,0,0,4,,1,2,0,14,False,False,100.0,1
Bad,73,168,6,75,25,0,100,122.0,7,7,25,2,52,0,0,91,66.0,3,3,1,75,False,False,100.0,18
Good,70,204,20,114,27,0,85,4.0,6,6,27,0,19,0,0,8,,2,1,0,50,True,True,100.0,13
Bad,70,37,4,20,19,0,100,122.0,7,7,20,2,20,0,3,42,73.0,2,2,1,50,False,False,95.0,10
Bad,65,146,7,58,29,1,97,67.5,7,6,33,1,39,35,5,7,88.0,1,2,0,33,True,False,88.0,10
Bad,65,56,1,35,37,0,100,122.0,7,7,39,3,13,0,0,65,93.0,15,2,8,62,False,False,95.0,24
Bad,81,158,13,71,34,0,97,42.0,7,6,37,0,42,1,1,9,86.0,3,5,0,47,True,False,92.0,17
Bad,59,187,2,62,17,0,80,50.0,7,5,20,4,20,20,0,69,,9,1,3,85,True,False,85.0,17
Bad,73,85,6,38,10,0,100,122.0,7,7,10,2,50,0,1,81,,1,1,0,50,False,False,100.0,5
Bad,75,70,1,38,8,0,100,122.0,7,7,9,1,78,0,3,17,,2,1,1,100,False,False,89.0,9
Good,73,135,3,93,6,1,75,79.0,7,4,12,1,67,1,3,0,118.0,0,2,1,67,True,False,50.0,8
Bad,66,188,3,80,17,0,88,4.0,6,6,17,3,82,1,3,6,95.0,1,7,1,89,True,True,100.0,15
Bad,66,187,4,38,18,0,95,62.0,7,5,22,5,36,0,4,46,79.0,6,4,1,92,True,False,82.0,20
Good,80,255,3,55,23,0,100,122.0,7,7,23,3,17,2,5,2,,2,1,0,20,False,False,100.0,4
Good,77,161,2,69,20,0,96,25.0,7,6,23,3,4,16,0,14,,4,2,1,38,True,False,87.0,8
Good,61,308,3,67,58,1,98,10.0,2,2,71,8,21,4,1,53,41.0,3,3,0,64,True,True,82.0,45
Bad,73,163,13,85,27,0,97,52.0,7,6,29,0,41,0,0,34,39.0,4,2,2,60,True,False,93.0,17
Bad,71,218,22,75,22,0,96,27.0,7,5,24,0,39,1,2,3,23.0,4,1,1,56,True,False,92.0,13
Good,87,304,7,91,23,0,100,122.0,7,7,24,1,63,0,0,8,73.0,5,2,0,78,False,False,96.0,18
Good,90,240,1,96,20,0,100,122.0,7,7,22,1,32,0,0,0,77.0,2,3,0,36,False,False,91.0,7
Good,83,183,14,73,17,0,100,122.0,7,7,17,0,35,14,0,20,,3,1,0,44,False,False,100.0,7
Good,88,166,3,92,10,0,100,122.0,7,7,10,1,40,0,2,0,96.0,0,1,0,25,False,False,100.0,2
Good,80,173,8,62,17,0,100,122.0,7,7,18,2,67,0,1,21,93.0,3,3,0,100,False,False,94.0,18
Good,73,354,13,80,25,0,100,122.0,7,7,25,0,8,15,0,36,,10,1,2,61,False,False,100.0,15
Good,71,178,2,68,47,1,98,8.0,6,6,62,2,6,0,5,7,,5,1,0,40,True,True,76.0,24
Good,84,131,14,84,22,0,100,122.0,7,7,22,0,36,19,0,9,37.0,2,4,0,100,False,False,100.0,22
Bad,81,172,8,58,23,0,100,122.0,7,7,23,1,35,0,0,17,,5,2,0,57,False,False,100.0,13
Bad,64,91,3,38,40,0,100,122.0,7,7,40,3,28,0,13,21,61.0,6,4,1,42,False,False,100.0,16
Good,85,246,56,166,6,0,100,122.0,7,7,6,0,17,0,2,0,,1,2,1,33,False,False,100.0,1
Bad,68,116,1,51,20,0,100,122.0,7,7,21,2,24,0,2,50,,6,1,2,64,False,False,95.0,13
Bad,56,176,4,63,34,0,86,5.0,6,6,35,4,60,0,7,48,90.0,5,3,3,62,True,True,97.0,21
Bad,74,42,10,27,8,0,100,122.0,7,7,8,2,25,23,0,41,76.0,2,2,1,57,False,False,100.0,4
Bad,75,255,5,102,30,0,100,122.0,7,7,32,2,13,0,1,39,95.0,7,2,4,53,False,False,94.0,16
Bad,62,159,6,67,14,0,86,3.0,6,6,18,3,36,0,2,71,93.0,2,3,1,83,True,True,78.0,14
Good,82,292,35,137,19,0,95,25.0,7,6,20,0,11,0,2,2,,1,2,0,30,True,False,95.0,6
Bad,70,386,5,92,25,0,100,122.0,7,7,25,3,56,0,4,67,89.0,4,4,2,89,False,False,100.0,22
Bad,74,168,2,85,23,0,96,13.0,7,6,24,3,17,0,0,40,95.0,7,2,0,64,True,False,96.0,15
Bad,64,127,7,66,20,5,70,6.0,6,2,23,1,52,0,0,0,79.0,1,4,1,86,True,True,87.0,19
Good,69,271,2,101,22,0,100,122.0,7,7,23,1,17,2,4,32,35.0,9,2,3,69,False,False,96.0,15
Bad,89,474,49,184,8,0,100,122.0,7,7,15,0,0,0,0,30,,4,2,1,67,False,False,53.0,10
Good,75,260,5,101,9,1,58,28.0,7,4,12,2,33,0,1,12,99.0,2,2,0,44,True,False,75.0,5
Bad,64,152,3,80,31,0,94,3.0,6,6,42,2,22,12,0,18,,6,1,1,50,True,True,74.0,21
Good,81,325,9,117,20,0,95,35.0,7,5,21,3,52,10,0,3,31.0,2,2,0,63,True,False,95.0,13
Bad,66,210,5,74,31,1,97,67.5,7,6,34,3,67,0,1,30,90.0,3,2,0,56,True,False,91.0,19
Bad,84,210,3,68,16,0,100,122.0,7,7,16,3,56,6,0,2,,2,5,0,73,False,False,100.0,11
Bad,75,382,40,123,13,0,92,24.0,7,6,13,0,8,0,0,31,,4,2,1,67,True,False,100.0,8
Good,74,208,4,76,14,0,94,74.0,7,6,16,1,63,0,3,63,91.0,5,1,0,86,True,False,88.0,13
Good,84,170,4,67,16,0,100,122.0,7,7,17,4,53,4,2,1,68.0,1,4,0,56,False,False,94.0,9
Bad,63,62,6,31,8,0,100,122.0,7,7,8,2,25,0,3,91,139.0,5,1,1,86,False,False,100.0,6
Bad,58,194,5,83,23,1,85,2.0,4,4,26,2,35,0,0,72,95.0,9,2,3,92,True,True,88.0,23
Bad,70,69,18,44,10,0,100,122.0,7,7,10,0,20,0,4,70,53.0,3,1,2,57,False,False,100.0,5
Bad,73,250,6,67,42,0,100,122.0,7,7,47,2,49,0,1,50,86.0,4,7,1,69,False,False,89.0,32
Good,83,228,2,95,46,0,100,122.0,7,7,51,3,33,1,1,26,100.0,2,1,1,27,False,False,90.0,13
Bad,66,208,9,68,18,1,94,33.0,7,6,18,2,39,0,2,0,5.0,1,3,1,83,True,False,100.0,14
Good,76,163,5,80,44,0,100,122.0,7,7,68,2,28,35,1,14,57.0,8,3,2,58,False,False,65.0,39
Bad,57,181,4,69,28,0,84,5.0,6,5,32,4,31,0,2,78,83.0,3,3,2,78,True,True,88.0,24
Good,73,445,15,125,12,0,83,21.0,7,6,12,0,42,0,1,55,,4,1,1,100,True,False,100.0,12
Good,80,163,1,65,27,0,97,41.0,7,6,29,1,45,11,0,23,,5,1,0,67,True,False,93.0,19
Bad,72,354,4,105,22,0,100,122.0,7,7,24,5,29,0,0,89,77.0,7,3,5,92,False,False,92.0,22
Good,85,225,0,78,42,0,100,122.0,7,7,45,3,38,0,1,6,92.0,3,2,0,31,False,False,93.0,13
Bad,79,222,6,94,24,0,100,122.0,7,7,24,2,42,9,0,82,48.0,2,4,1,88,False,False,100.0,21
Good,67,144,21,62,22,0,86,6.0,6,6,22,0,59,1,2,11,58.0,2,3,1,100,True,True,100.0,22
Bad,72,185,3,75,24,0,96,52.0,7,6,26,2,38,0,2,43,88.0,5,2,2,70,True,False,92.0,18
Bad,69,175,5,58,20,0,85,19.0,7,6,20,3,25,5,1,10,73.0,4,3,0,64,True,False,100.0,12
Good,80,162,9,82,22,0,100,122.0,7,7,24,1,58,0,0,79,45.0,2,2,1,80,False,False,92.0,19
Bad,77,276,41,145,19,0,100,122.0,7,7,19,0,21,35,1,59,36.0,6,2,1,62,False,False,100.0,11
Bad,70,151,2,79,38,0,95,24.0,7,6,39,1,21,0,1,29,84.0,14,3,2,81,True,False,97.0,31
Good,75,234,2,88,40,0,100,122.0,7,7,41,2,32,2,1,10,53.0,5,4,0,45,False,False,98.0,18
Good,85,226,2,84,14,0,100,122.0,7,7,27,1,13,2,1,6,,6,2,0,75,False,False,52.0,20
Bad,55,117,12,49,16,0,95,1.0,6,6,20,0,15,0,2,42,,6,1,3,58,True,True,80.0,11
Bad,75,175,1,74,22,1,96,44.0,7,3,25,2,36,0,3,64,,2,3,1,50,True,False,88.0,12
Good,84,174,3,92,17,0,100,122.0,7,7,18,1,53,0,10,6,,2,4,0,86,False,False,94.0,15
Good,82,356,4,85,34,0,100,122.0,7,7,34,3,21,0,1,2,,5,1,0,35,False,False,100.0,11
Bad,80,271,9,62,12,0,92,9.0,6,6,12,1,33,35,0,29,50.0,1,2,0,60,True,True,100.0,7
Bad,56,166,2,55,28,2,78,1.0,6,2,32,3,28,1,1,43,85.0,13,4,4,81,True,True,88.0,25
Bad,70,127,25,57,23,0,96,67.5,7,6,24,0,13,0,0,51,,9,2,1,67,True,False,96.0,16
Bad,54,225,0,79,44,2,75,3.0,6,2,63,6,25,1,5,18,77.0,10,4,0,80,True,True,70.0,50
Good,73,219,4,88,23,0,100,122.0,7,7,24,3,46,0,1,45,88.0,6,2,1,89,False,False,96.0,21
Good,75,105,2,53,22,0,100,122.0,7,7,25,5,56,0,1,31,21.0,5,3,1,80,False,False,88.0,20
Bad,68,199,2,90,28,0,97,54.0,7,6,29,3,34,1,1,60,42.0,4,2,2,67,True,False,97.0,19
Bad,79,190,3,53,27,0,100,122.0,7,7,28,2,4,35,0,55,,2,2,1,50,False,False,96.0,14
Good,79,125,9,57,29,0,100,122.0,7,7,33,1,45,35,1,1,71.0,1,4,0,45,False,False,88.0,14
Good,84,138,3,69,13,0,100,122.0,7,7,13,2,31,0,0,26,,3,1,0,80,False,False,100.0,10
Bad,62,354,1,45,23,0,100,122.0,7,7,29,9,21,1,5,48,94.0,10,3,2,65,False,False,79.0,18
Bad,63,97,9,44,9,6,71,58.0,7,2,17,4,29,0,4,69,,1,1,1,50,True,False,53.0,8
Good,85,186,8,83,22,0,100,122.0,7,7,22,2,18,21,0,9,79.0,2,2,0,36,False,False,100.0,7
Good,79,192,10,69,18,0,100,122.0,7,7,18,1,28,35,1,24,78.0,5,2,0,78,False,False,100.0,14
Bad,75,241,5,68,37,0,100,122.0,7,7,37,1,43,0,0,25,67.0,3,3,2,43,False,False,100.0,15
Good,65,340,0,95,21,1,85,65.0,7,5,26,3,81,0,0,36,59.0,2,6,1,89,True,False,81.0,23
Good,70,78,4,50,23,0,96,11.0,6,6,24,1,46,3,2,48,76.0,2,5,0,78,True,True,96.0,18
Good,84,93,4,37,7,0,100,122.0,7,7,7,4,29,35,3,16,,2,1,0,75,False,False,100.0,5
Good,81,302,23,145,9,0,90,53.0,7,5,10,0,30,21,0,1,75.0,2,2,0,80,True,False,90.0,8
Good,88,294,5,84,15,0,100,122.0,7,7,15,2,53,4,1,2,82.0,2,2,0,50,False,False,100.0,7
Good,81,165,12,95,17,0,100,122.0,7,7,18,0,50,0,0,21,29.0,2,2,1,80,False,False,94.0,14
Bad,63,207,11,74,45,0,100,122.0,7,7,46,1,13,7,0,85,20.0,10,2,5,57,False,False,98.0,26
Bad,72,165,3,69,19,0,84,9.0,6,6,25,3,52,0,3,0,95.0,0,3,0,50,True,True,76.0,12
Good,74,170,2,10,3,0,100,122.0,7,7,24,3,25,0,3,2,,2,1,0,75,False,False,12.0,18
Bad,62,58,3,18,4,0,100,122.0,7,7,4,3,25,2,6,99,97.0,3,1,1,100,False,False,100.0,4
Bad,59,277,9,95,16,1,76,0.0,6,5,18,1,12,3,1,25,80.0,6,1,1,54,True,True,89.0,9
Good,80,233,1,57,30,0,100,122.0,7,7,31,6,16,0,1,9,70.0,3,2,1,42,False,False,97.0,13
Good,79,71,3,33,12,0,100,122.0,7,7,12,3,25,11,0,11,94.0,3,2,0,56,False,False,100.0,6
Good,71,178,12,103,28,0,90,18.0,7,5,31,0,28,1,1,56,,7,1,1,89,True,False,90.0,27
Bad,70,55,0,20,6,0,100,122.0,7,7,11,6,18,0,6,28,36.0,3,2,0,45,False,False,55.0,4
Bad,57,172,56,116,10,12,58,20.0,2,2,21,0,17,0,0,12,,2,2,1,67,True,True,48.0,14
Good,71,114,11,80,12,0,92,67.5,7,6,12,1,33,0,0,42,84.0,3,2,1,71,True,False,100.0,8
Good,73,264,3,71,29,0,93,25.0,7,6,29,5,21,0,0,14,72.0,9,3,0,62,True,False,100.0,17
Bad,57,304,16,79,11,0,73,2.0,6,6,11,0,36,0,1,85,36.0,5,3,1,100,True,True,100.0,11
Bad,70,252,3,73,20,2,88,31.0,7,3,24,4,67,2,1,16,93.0,3,2,0,63,True,False,83.0,15
Bad,72,181,2,16,4,0,100,122.0,7,7,6,3,50,35,0,29,100.0,2,2,0,67,False,False,67.0,4
Good,78,292,11,79,16,0,100,122.0,7,7,16,1,44,0,2,33,85.0,2,3,1,71,False,False,100.0,11
Good,86,276,7,77,18,0,100,122.0,7,7,18,2,28,0,0,7,88.0,4,2,0,60,False,False,100.0,10
Bad,84,325,2,107,13,0,100,122.0,7,7,14,2,29,1,1,19,98.0,4,3,0,70,False,False,93.0,9
Good,84,315,7,150,20,0,95,42.0,7,6,20,1,25,0,0,13,89.0,5,2,0,64,True,False,100.0,12
Bad,74,139,1,61,27,0,93,29.0,7,6,28,4,25,0,1,19,21.0,2,3,1,42,True,False,96.0,11
Bad,64,181,4,48,26,1,93,6.0,6,2,27,4,59,0,1,30,37.0,4,4,2,69,True,True,96.0,18
Bad,54,336,13,93,17,1,89,4.0,4,4,18,0,33,0,4,65,53.0,4,2,2,75,True,True,94.0,13
Good,79,196,3,50,13,0,100,122.0,7,7,13,3,46,0,0,48,,2,1,2,60,False,False,100.0,7
Good,82,247,1,90,25,0,100,122.0,7,7,29,2,24,35,0,29,,6,1,1,54,False,False,86.0,15
Good,70,298,5,71,24,0,96,81.0,7,6,47,6,13,0,2,29,,3,1,1,36,True,False,51.0,16
Good,64,60,11,26,6,0,86,11.0,6,5,7,1,43,0,0,95,,2,1,0,75,True,True,86.0,5
Bad,54,117,7,63,18,1,77,3.0,6,5,23,1,41,0,0,26,93.0,3,2,1,50,True,True,78.0,11
Good,67,74,2,35,12,0,92,10.0,6,6,13,3,31,35,7,23,,5,1,0,75,True,True,92.0,9
Good,61,150,9,36,5,0,83,11.0,6,6,6,2,33,0,0,69,74.0,3,2,1,100,True,True,83.0,6
Bad,79,340,4,80,52,0,96,10.0,6,6,77,2,13,6,0,2,,2,1,0,12,True,True,68.0,9
Bad,61,215,14,120,16,0,89,4.0,6,6,18,0,39,0,2,45,,5,1,2,67,True,True,89.0,12
Good,87,150,27,77,27,0,100,122.0,7,7,27,0,30,2,1,4,3.0,4,2,0,55,False,False,100.0,14
Good,75,234,0,73,34,0,97,30.0,7,5,45,6,11,0,2,11,88.0,6,2,1,33,True,False,76.0,14
Bad,64,192,1,76,22,0,96,16.0,7,6,25,2,32,0,0,67,64.0,6,4,4,77,True,False,88.0,19
Bad,65,208,3,56,14,1,88,57.0,2,5,43,4,13,35,4,14,,5,1,3,55,True,True,33.0,23
Bad,76,66,2,31,5,0,100,122.0,7,7,7,3,0,0,1,47,,3,2,2,100,False,False,71.0,7
Bad,79,157,1,51,20,0,100,122.0,7,7,38,4,14,1,1,11,,3,2,2,27,False,False,53.0,10
Bad,55,127,9,60,28,0,80,7.0,6,5,30,2,47,0,0,69,142.0,7,9,1,89,True,True,93.0,26
Good,79,181,7,104,20,0,95,27.0,7,6,20,2,55,35,0,27,49.0,5,3,0,100,True,False,100.0,20
Bad,55,101,4,29,12,0,92,2.0,6,6,13,3,38,0,0,43,83.0,5,3,2,100,True,True,92.0,13
Bad,80,180,23,118,15,0,100,122.0,7,7,27,0,7,10,0,42,,2,2,1,33,False,False,56.0,8
Good,72,413,10,70,31,0,97,54.0,7,6,31,2,74,0,1,25,,2,1,1,43,True,False,100.0,13
Good,68,265,4,93,31,1,91,6.0,6,6,34,1,62,0,0,0,69.0,1,9,0,85,True,True,91.0,28
Bad,60,343,5,58,5,1,67,1.0,6,5,10,2,17,6,0,5,93.0,4,1,0,83,True,True,50.0,8
Bad,69,163,7,69,28,0,100,122.0,7,7,29,3,41,1,3,52,79.0,8,3,2,75,False,False,97.0,21
Bad,72,252,1,47,14,0,94,39.0,7,6,16,6,31,0,2,49,71.0,3,3,0,78,True,False,88.0,12
Good,84,411,23,91,10,0,100,122.0,7,7,11,0,36,0,0,17,,2,2,0,100,False,False,91.0,11
Good,82,271,2,79,25,0,100,122.0,7,7,33,3,31,2,1,2,74.0,4,2,0,50,False,False,76.0,16
Bad,63,20,3,10,15,0,100,122.0,7,7,15,11,13,0,6,18,91.0,4,2,1,40,False,False,100.0,6
Bad,57,119,7,7,3,0,100,122.0,7,7,7,3,0,35,6,84,,3,2,1,100,False,False,43.0,7
Good,78,126,7,58,41,0,100,122.0,7,7,45,2,51,0,2,14,75.0,3,5,0,50,False,False,91.0,22
Good,91,455,10,202,11,0,100,122.0,7,7,11,1,18,35,1,5,,1,1,0,33,False,False,100.0,3
Good,71,207,14,147,26,0,89,8.0,6,6,28,0,36,35,0,1,,3,2,0,64,True,True,93.0,17
Good,70,132,2,64,20,1,92,6.0,6,6,26,4,4,0,1,1,,1,2,0,13,True,True,77.0,3
Bad,60,92,16,58,19,3,78,5.0,6,2,23,0,57,35,2,51,,2,1,0,60,True,True,83.0,13
Good,78,108,2,43,17,0,100,122.0,7,7,18,4,39,35,2,15,50.0,4,3,1,78,False,False,94.0,14
Good,84,199,14,114,22,0,100,122.0,7,7,22,0,36,7,0,11,33.0,6,2,0,57,False,False,100.0,12
Good,66,190,3,94,33,1,97,67.5,7,6,33,1,55,0,4,23,79.0,2,4,0,75,True,False,100.0,24
Good,86,249,5,87,30,0,100,122.0,7,7,32,1,25,3,5,6,95.0,1,1,0,67,False,False,94.0,21
Bad,65,216,6,80,19,0,70,7.0,6,5,20,1,30,0,0,21,,2,1,0,38,True,True,95.0,7
Bad,75,206,4,65,15,2,88,78.0,7,2,17,1,53,35,1,0,,0,1,0,33,True,False,88.0,5
Good,69,252,3,90,44,0,91,7.0,6,5,46,4,20,4,1,23,100.0,11,2,1,78,True,True,96.0,35
Bad,61,96,3,28,9,1,80,8.0,6,2,16,3,40,35,0,26,99.0,3,2,1,63,True,True,56.0,10
Good,80,93,2,34,13,0,100,122.0,7,7,15,3,40,7,0,6,84.0,3,3,0,67,False,False,87.0,10
Good,62,190,4,80,29,0,74,13.0,7,5,31,3,45,0,0,60,82.0,6,8,1,100,True,False,94.0,31
Good,60,143,1,78,34,0,86,24.0,7,5,37,1,30,0,0,75,,5,1,3,67,True,False,92.0,24
Bad,64,201,3,78,58,0,95,59.0,7,6,58,6,21,0,3,35,99.0,9,4,3,39,True,False,100.0,22
Bad,62,87,9,42,10,1,83,5.0,6,5,12,2,33,1,1,14,90.0,4,1,1,63,True,True,83.0,7
Bad,62,172,4,71,29,0,86,2.0,6,6,29,2,28,35,1,32,50.0,2,4,2,50,True,True,100.0,14
Bad,69,165,4,62,12,0,92,75.0,7,6,12,2,58,0,1,97,71.0,4,1,3,100,True,False,100.0,12
Bad,85,358,36,157,4,0,80,55.0,7,5,5,0,0,0,0,0,,0,2,0,0,True,False,80.0,0
Good,81,118,2,60,6,0,100,122.0,7,7,7,1,14,0,3,6,,2,2,1,50,False,False,86.0,3
Good,85,158,16,70,8,0,100,122.0,7,7,8,0,25,6,0,20,80.0,3,2,0,83,False,False,100.0,6
Good,86,191,7,82,27,0,100,122.0,7,7,28,1,22,7,0,0,,0,1,0,8,False,False,96.0,2
Good,76,185,4,69,32,0,97,25.0,7,6,34,3,13,35,1,16,54.0,4,3,0,41,True,False,94.0,13
Good,66,245,44,131,12,0,79,1.0,6,5,14,0,36,0,1,46,,3,1,0,100,True,True,86.0,14
Good,76,158,2,73,25,0,100,122.0,7,7,27,2,19,0,2,23,,6,3,1,64,False,False,93.0,17
Bad,76,136,1,57,20,0,100,122.0,7,7,21,2,33,0,0,44,,5,1,1,60,False,False,95.0,12
Bad,65,287,2,82,22,0,100,122.0,7,7,23,3,35,0,1,98,96.0,10,3,4,100,False,False,96.0,23
Bad,59,291,6,128,27,4,90,3.0,4,3,31,2,23,1,1,42,59.0,2,3,1,67,True,True,87.0,20
Bad,67,181,7,68,34,0,100,122.0,7,7,39,3,13,35,5,90,40.0,13,4,9,89,False,False,87.0,34
Good,76,280,12,77,25,0,100,122.0,7,7,25,0,40,0,0,17,42.0,2,4,1,50,False,False,100.0,12
Bad,72,79,2,26,13,0,100,122.0,7,7,15,2,27,0,1,28,65.0,6,3,1,69,False,False,87.0,10
Good,73,288,2,82,14,0,93,5.0,6,6,17,1,20,0,2,4,69.0,2,3,0,63,True,True,82.0,10
Bad,67,213,1,56,53,0,98,42.0,7,5,59,11,18,2,2,22,89.0,7,5,1,52,True,False,90.0,30
Good,59,184,1,86,21,2,91,0.0,2,6,24,2,55,0,5,0,20.0,0,5,1,60,True,True,88.0,14
Bad,70,346,3,94,38,1,85,23.0,7,6,40,2,26,0,1,36,18.0,9,2,1,69,True,False,95.0,27
Bad,80,61,8,37,8,0,100,122.0,7,7,8,1,13,1,2,0,,1,2,0,50,False,False,100.0,4
Bad,74,455,4,194,20,0,95,43.0,7,6,20,2,25,6,0,43,96.0,7,3,1,71,True,False,100.0,14
Bad,66,28,1,17,4,0,100,122.0,7,7,5,2,60,3,2,67,,2,1,0,100,False,False,80.0,5
Bad,60,247,2,73,31,0,97,72.0,7,6,45,2,50,35,2,83,72.0,12,4,6,94,True,False,69.0,42
Good,57,183,4,73,24,0,79,2.0,6,6,24,3,29,1,4,59,77.0,6,3,2,82,True,True,100.0,19
Bad,63,380,5,125,16,0,71,7.0,6,6,17,1,18,0,1,66,,4,1,3,50,True,True,94.0,8
Good,89,388,11,187,16,0,100,122.0,7,7,16,1,13,0,0,16,,4,2,0,45,False,False,100.0,7
Good,72,111,4,32,21,0,100,122.0,7,7,21,3,24,21,0,50,100.0,5,2,2,57,False,False,100.0,11
Good,62,262,2,93,36,0,100,122.0,7,7,37,1,35,19,0,92,56.0,13,5,8,100,False,False,97.0,37
Bad,81,112,2,55,17,0,100,122.0,7,7,19,1,47,0,1,24,,1,2,1,33,False,False,89.0,6
Bad,86,263,39,109,11,0,100,122.0,7,7,11,0,27,0,1,11,,2,1,0,50,False,False,100.0,5
Bad,74,197,5,90,30,0,97,67.5,7,6,31,2,16,0,0,25,,6,1,2,54,True,False,97.0,16
Bad,69,72,8,44,19,0,100,122.0,7,7,19,2,47,0,0,35,33.0,4,5,0,69,False,False,100.0,13
Good,90,246,5,81,9,0,100,122.0,7,7,9,1,11,13,0,10,,2,2,0,50,False,False,100.0,4
Good,81,246,12,86,21,0,100,122.0,7,7,22,0,55,0,0,0,89.0,0,6,0,43,False,False,95.0,9
Bad,77,73,3,41,22,0,100,122.0,7,7,22,2,27,0,1,0,94.0,1,3,0,29,False,False,100.0,6
Bad,82,115,4,45,16,0,100,122.0,7,7,16,3,63,0,0,0,92.0,1,3,0,50,False,False,100.0,8
Good,72,230,21,113,17,0,100,122.0,7,7,17,0,41,10,0,75,,7,1,2,89,False,False,100.0,15
Bad,74,197,1,93,31,0,86,29.0,7,5,35,3,26,0,2,28,27.0,2,4,0,40,True,False,89.0,14
Good,66,174,1,75,38,0,100,122.0,7,7,40,5,40,35,6,77,60.0,4,8,3,75,False,False,95.0,30
Good,71,269,4,93,26,0,96,9.0,6,6,31,3,23,3,1,46,,5,1,2,55,True,True,84.0,17
Good,70,335,3,105,35,2,87,34.0,7,4,39,5,33,0,2,27,6.0,10,3,1,88,True,False,90.0,34
Good,82,212,22,115,14,0,100,122.0,7,7,15,0,33,35,0,45,,4,2,0,75,False,False,93.0,11
Bad,88,199,9,83,17,0,100,122.0,7,7,17,1,24,35,0,0,70.0,0,2,0,50,False,False,100.0,8
Good,76,279,7,119,43,0,100,122.0,7,7,50,5,18,0,0,38,97.0,8,3,4,55,False,False,86.0,27
Bad,86,274,39,106,8,0,100,122.0,7,7,8,0,50,0,0,0,12.0,1,1,0,67,False,False,100.0,5
Good,78,177,1,65,26,0,96,67.5,7,6,28,3,46,35,1,4,72.0,4,5,0,64,True,False,93.0,17
Good,73,207,4,68,25,0,96,17.0,7,6,26,4,46,0,3,0,,2,1,0,43,True,False,96.0,11
Good,69,181,7,98,21,0,100,122.0,7,7,37,1,33,21,0,84,94.0,7,2,4,91,False,False,57.0,33
Good,91,310,9,145,16,0,100,122.0,7,7,19,1,53,14,0,5,,1,1,0,40,False,False,84.0,7
Bad,63,134,2,63,33,0,92,25.0,7,6,37,3,51,5,0,45,80.0,10,4,0,88,True,False,89.0,32
Good,77,256,3,93,37,0,92,19.0,7,6,39,4,23,3,1,13,,3,1,0,31,True,False,95.0,12
Bad,64,179,2,85,26,0,100,122.0,7,7,28,4,32,35,1,85,38.0,10,2,6,86,False,False,93.0,24
Good,84,169,21,57,15,0,100,122.0,7,7,15,0,33,0,1,11,,3,1,0,57,False,False,100.0,8
Bad,80,93,5,45,6,0,100,122.0,7,7,6,2,50,35,7,7,83.0,1,1,0,67,False,False,100.0,4
Bad,61,388,8,80,11,0,82,21.0,7,6,11,2,36,0,1,71,,4,1,3,63,True,False,100.0,6
Bad,80,250,5,92,40,0,100,122.0,7,7,42,3,17,0,2,19,,7,1,1,45,False,False,95.0,18
Good,83,166,2,65,18,0,95,57.0,7,6,19,3,32,35,1,12,64.0,2,3,0,63,True,False,95.0,11
Good,63,224,4,52,28,1,96,29.0,7,6,28,4,29,6,0,42,73.0,8,3,3,73,True,False,100.0,20
Bad,60,101,8,34,20,0,81,8.0,6,5,21,2,67,0,0,30,89.0,1,8,1,82,True,True,95.0,17
Good,86,141,2,64,14,0,100,122.0,7,7,18,3,72,2,3,0,90.0,0,3,0,60,False,False,78.0,10
Bad,52,181,4,42,22,2,92,38.0,7,5,26,2,24,35,4,75,74.0,13,1,6,82,True,False,85.0,21
Good,80,344,4,92,35,0,94,59.0,7,6,38,3,26,10,0,17,86.0,5,2,0,39,True,False,92.0,14
Good,68,217,11,109,24,0,88,18.0,7,6,24,1,17,0,4,61,,5,1,3,50,True,False,100.0,12
Bad,60,279,2,37,29,0,97,6.0,6,6,48,7,23,35,1,31,90.0,6,3,2,45,True,True,60.0,21
Good,67,212,13,112,24,0,88,2.0,6,6,25,0,48,35,1,21,71.0,6,4,1,100,True,True,96.0,25
Bad,70,23,1,12,2,0,100,122.0,7,7,3,1,67,35,1,0,97.0,0,2,1,67,False,False,67.0,2
Bad,54,68,7,23,5,0,83,3.0,6,6,6,3,33,0,0,66,81.0,3,2,1,83,True,True,83.0,4
Bad,74,202,23,68,27,0,93,7.0,6,6,27,0,30,0,0,16,48.0,3,3,0,46,True,True,100.0,12
Bad,55,154,7,68,19,0,84,3.0,6,6,22,2,21,3,1,62,,4,1,3,56,True,True,86.0,12
Bad,66,115,7,60,40,0,93,2.0,6,6,40,4,25,1,3,37,59.0,5,3,0,80,True,True,100.0,32
Good,62,275,1,87,27,0,90,30.0,7,6,30,4,33,1,3,57,54.0,7,5,3,76,True,False,90.0,22
Bad,59,170,5,66,25,0,69,2.0,6,6,26,1,15,4,2,39,,8,1,1,56,True,True,96.0,14
Bad,69,121,3,55,31,1,97,43.0,7,4,32,2,59,0,1,43,66.0,5,6,0,73,True,False,97.0,23
Good,89,222,12,136,20,0,100,122.0,7,7,22,0,36,20,0,0,,0,1,0,17,False,False,91.0,3
Bad,71,183,2,116,29,0,100,122.0,7,7,31,1,39,35,2,42,97.0,3,2,0,75,False,False,94.0,23
Good,74,206,9,66,16,0,100,122.0,7,7,37,1,25,35,2,52,56.0,6,2,1,73,False,False,43.0,27
Good,75,337,10,151,12,1,92,26.0,7,2,13,1,38,19,0,0,,0,2,0,0,True,False,92.0,0
Bad,66,288,10,77,27,0,96,26.0,7,6,44,1,44,12,0,72,86.0,7,2,3,100,True,False,61.0,44
Good,81,275,3,80,50,0,98,33.0,7,6,50,2,16,7,0,3,10.0,3,3,0,25,True,False,100.0,12
Bad,56,133,2,64,15,0,88,3.0,6,6,17,2,12,0,2,84,,10,1,4,92,True,True,88.0,15
Good,87,492,10,127,14,0,100,122.0,7,7,15,1,21,14,0,9,,5,1,0,60,False,False,93.0,9
Good,59,320,5,115,13,1,73,1.0,2,2,15,1,20,0,0,16,35.0,6,2,0,80,True,True,87.0,12
Good,86,255,15,140,27,0,100,122.0,7,7,28,0,25,3,1,1,62.0,2,2,0,38,False,False,96.0,10
Good,75,200,6,66,40,0,98,26.0,7,6,40,1,45,0,1,27,74.0,1,3,1,31,True,False,100.0,12
Bad,57,341,5,109,29,0,97,3.0,6,6,29,1,28,0,0,67,50.0,9,4,5,76,True,True,100.0,22
Bad,87,204,1,78,45,0,100,122.0,7,7,46,2,59,14,0,1,95.0,3,2,0,50,False,False,98.0,23
Good,80,266,7,98,15,0,100,122.0,7,7,17,1,35,2,1,46,,1,1,1,40,False,False,88.0,6
Bad,81,74,2,47,24,0,100,122.0,7,7,26,1,12,35,2,8,,2,1,0,38,False,False,92.0,9
Good,85,193,8,90,19,0,100,122.0,7,7,19,3,16,0,2,18,,2,1,0,60,False,False,100.0,11
Bad,78,212,36,96,11,0,100,122.0,7,7,13,0,15,4,1,50,,4,1,2,71,False,False,85.0,9
Bad,62,163,11,53,22,0,87,23.0,7,6,23,1,39,0,0,68,92.0,6,2,3,89,True,False,96.0,20
Bad,69,178,22,74,25,0,92,12.0,7,6,25,0,40,0,5,20,45.0,5,2,0,70,True,False,100.0,17
Bad,59,279,4,70,7,0,63,7.0,6,6,8,2,25,1,1,72,40.0,4,2,1,86,True,True,88.0,6
Good,67,136,2,73,15,1,89,33.0,7,6,30,2,56,0,0,61,100.0,3,2,0,100,True,False,50.0,30
Bad,69,196,3,55,8,0,73,7.0,6,5,28,2,45,0,1,27,47.0,2,2,0,67,True,True,29.0,18
Good,88,166,17,84,12,0,100,122.0,7,7,12,0,17,13,0,0,,0,1,0,25,False,False,100.0,3
Good,90,320,8,85,8,0,100,122.0,7,7,8,1,25,12,0,2,,2,2,1,67,False,False,100.0,5
Good,71,193,37,105,9,0,78,11.0,6,6,9,0,44,0,0,39,12.0,2,2,0,67,True,True,100.0,6
Bad,63,153,6,68,37,1,91,25.0,7,6,45,1,89,0,0,82,74.0,3,5,0,100,True,False,82.0,45
Good,70,118,7,45,17,0,88,11.0,6,6,17,4,35,0,0,15,,1,1,0,29,True,True,100.0,4
Good,69,276,3,118,33,0,97,41.0,7,6,35,1,17,3,2,69,100.0,9,2,6,67,True,False,94.0,23
Good,81,190,6,84,21,0,100,122.0,7,7,21,2,29,7,0,8,91.0,5,2,0,88,False,False,100.0,18
Bad,61,119,7,41,17,3,94,13.0,7,6,19,2,17,0,1,34,58.0,5,3,2,67,True,False,89.0,12
Bad,86,206,26,89,15,0,100,122.0,7,7,17,0,47,35,0,5,,2,1,0,50,False,False,88.0,8
Good,75,254,4,60,9,0,100,122.0,7,7,9,2,44,0,1,60,95.0,2,2,0,80,False,False,100.0,7
Good,75,187,7,95,22,0,100,122.0,7,7,24,2,50,0,0,46,54.0,3,3,1,67,False,False,92.0,16
Bad,73,217,22,87,34,0,100,122.0,7,7,36,0,17,0,1,91,,7,2,3,100,False,False,94.0,36
Good,72,214,17,61,21,0,100,122.0,7,7,21,0,33,0,0,66,66.0,7,2,2,64,False,False,100.0,13
Good,64,173,1,69,43,0,93,3.0,6,6,55,4,20,0,2,11,100.0,4,2,0,35,True,True,78.0,19
Good,83,294,2,106,22,1,92,43.0,7,4,47,3,16,2,1,0,35.0,2,2,0,44,True,False,47.0,20
Good,85,192,2,86,25,0,100,122.0,7,7,29,2,41,35,1,28,68.0,2,3,0,63,False,False,86.0,18
Bad,78,266,13,95,16,0,100,122.0,7,7,16,0,56,0,2,51,90.0,4,2,1,100,False,False,100.0,16
Good,77,180,35,92,16,0,94,37.0,7,6,25,0,56,0,0,32,50.0,2,2,1,67,True,False,64.0,16
Bad,57,180,9,98,19,3,74,4.0,2,6,21,1,21,0,1,21,95.0,9,1,0,71,True,True,90.0,14
Good,79,169,6,70,44,0,100,122.0,7,7,44,4,23,0,0,9,93.0,3,2,0,42,False,False,100.0,18
Good,70,272,1,77,28,0,100,122.0,7,7,29,5,28,0,3,63,90.0,1,2,1,31,False,False,97.0,8
Bad,60,59,3,31,14,0,93,67.5,7,6,14,4,36,0,4,57,48.0,8,4,1,100,True,False,100.0,14
Bad,62,83,1,38,13,1,93,36.0,2,5,15,4,60,7,0,3,74.0,1,4,0,63,True,True,87.0,9
Good,78,233,9,103,42,0,100,122.0,7,7,42,2,38,0,0,20,85.0,5,4,0,56,False,False,100.0,23
Bad,69,361,8,96,26,0,89,1.0,6,5,28,1,29,35,0,29,57.0,5,3,0,64,True,True,93.0,17
Good,78,164,10,82,15,0,100,122.0,7,7,16,1,38,0,0,56,69.0,3,2,0,83,False,False,94.0,13
Bad,58,334,4,99,34,0,68,13.0,7,6,37,2,54,2,4,68,32.0,3,4,1,58,True,False,92.0,21
Good,84,273,6,119,19,0,95,25.0,7,6,19,1,16,0,2,3,,2,1,0,30,True,False,100.0,5
Good,86,403,3,131,18,0,100,122.0,7,7,21,2,24,0,4,2,,4,2,0,40,False,False,86.0,8
Good,90,190,3,94,15,0,100,122.0,7,7,15,1,27,3,1,3,,1,1,0,67,False,False,100.0,10
Bad,60,134,4,55,38,0,92,5.0,6,6,39,6,46,0,0,42,53.0,11,5,2,89,True,True,97.0,34
Good,63,202,6,31,9,2,90,34.0,7,2,25,4,20,35,1,49,81.0,6,2,1,89,True,False,36.0,22
Bad,69,122,6,52,13,3,92,74.0,7,6,16,2,92,0,1,52,97.0,1,4,0,100,True,False,81.0,16
Good,80,145,5,53,29,0,100,122.0,7,7,30,7,17,10,0,0,,2,1,0,20,False,False,97.0,6
Good,85,297,10,104,23,0,100,122.0,7,7,23,1,26,0,0,3,56.0,3,4,0,50,False,False,100.0,11
Good,88,178,14,97,8,0,100,122.0,7,7,8,0,38,15,0,0,77.0,2,1,0,75,False,False,100.0,6
Bad,59,185,7,76,21,0,83,11.0,6,6,24,2,63,0,3,59,64.0,2,6,2,73,True,True,88.0,17
Bad,63,163,3,25,24,0,100,122.0,7,7,31,5,59,35,1,101,90.0,6,6,4,100,False,False,77.0,31
Bad,60,43,1,21,16,0,94,36.0,7,6,17,7,29,0,9,32,99.0,4,1,1,50,True,False,94.0,8
Good,64,216,2,86,18,1,60,42.0,7,4,25,2,36,0,3,40,58.0,1,4,1,60,True,False,72.0,15
Bad,72,183,7,63,15,0,100,122.0,7,7,15,1,40,0,4,61,62.0,2,1,1,38,False,False,100.0,5
Bad,74,131,8,46,21,0,96,47.0,7,6,24,3,54,1,1,30,106.0,1,9,1,100,True,False,88.0,24
Good,81,238,7,60,30,0,97,73.0,7,6,51,1,47,12,0,7,89.0,1,6,0,54,True,False,59.0,27
Good,87,270,26,83,28,0,100,122.0,7,7,28,0,25,0,0,0,,1,2,0,10,False,False,100.0,2
Bad,44,181,40,131,57,1,68,0.0,2,5,63,0,32,35,1,58,13.0,17,3,4,79,True,True,90.0,49
Good,86,227,9,103,32,0,100,122.0,7,7,35,2,28,14,0,14,16.0,3,2,0,42,False,False,91.0,14
Good,85,141,15,77,25,0,96,30.0,7,6,32,0,12,11,0,1,,3,1,0,50,True,False,78.0,16
Good,84,146,11,49,14,0,100,122.0,7,7,14,1,21,4,1,1,,2,1,0,50,False,False,100.0,7
Good,73,287,4,102,10,0,55,13.0,7,5,11,3,55,35,2,30,65.0,2,2,0,67,True,False,91.0,7
Good,75,438,1,79,48,0,100,122.0,7,7,53,2,20,0,3,12,26.0,9,3,2,52,False,False,91.0,27
Bad,63,181,2,76,22,1,80,1.0,6,3,25,3,12,3,1,29,79.0,7,1,0,53,True,True,88.0,13
Bad,65,79,9,40,11,0,77,8.0,6,5,13,1,46,0,2,0,96.0,0,2,1,75,True,True,85.0,9
Bad,68,266,13,93,29,1,90,39.0,7,6,29,0,59,0,2,98,53.0,3,4,3,88,True,False,100.0,25
Good,80,234,0,62,27,0,100,122.0,7,7,35,4,26,0,3,22,,4,1,2,38,False,False,77.0,13
Bad,66,172,10,90,44,0,100,122.0,7,7,48,1,38,35,1,65,85.0,12,2,8,82,False,False,92.0,39
Good,79,150,11,59,27,0,100,122.0,7,7,27,1,33,2,4,8,77.0,2,3,0,50,False,False,100.0,13
Good,84,380,5,109,24,0,100,122.0,7,7,24,1,4,0,1,1,,3,1,0,27,False,False,100.0,6
Good,65,258,3,98,21,2,70,11.0,6,4,55,4,33,7,0,2,75.0,2,4,0,46,True,True,38.0,25
Bad,68,141,7,51,15,0,100,122.0,7,7,15,4,33,0,0,47,92.0,5,2,1,78,False,False,100.0,11
Good,82,193,1,75,36,0,100,122.0,7,7,37,3,38,0,5,7,,2,2,0,33,False,False,97.0,12
Good,72,226,6,127,42,0,95,21.0,7,6,43,2,40,35,1,38,47.0,10,2,1,71,True,False,98.0,30
Good,60,375,77,219,6,1,86,1.0,2,2,7,0,57,0,0,31,,1,2,1,33,True,True,86.0,2
Bad,70,154,8,124,9,0,70,5.0,6,5,24,1,50,35,1,9,,1,1,0,40,True,True,38.0,9
Bad,64,109,13,65,9,1,90,60.0,7,6,10,0,50,12,0,86,39.0,3,3,1,100,True,False,90.0,10
Bad,62,233,8,79,6,2,86,44.0,7,5,9,1,57,0,0,63,71.0,2,3,1,83,True,False,67.0,7
Bad,65,159,28,49,11,0,91,14.0,7,6,22,0,27,9,0,52,,4,1,1,83,True,False,50.0,18
Good,86,153,6,94,10,0,100,122.0,7,7,11,1,73,6,0,0,87.0,0,3,0,60,False,False,91.0,6
Good,70,92,11,57,16,0,88,16.0,7,6,16,1,44,0,0,37,61.0,1,3,0,67,True,False,100.0,10
Bad,62,153,3,68,27,1,86,1.0,4,4,28,3,25,0,2,22,30.0,7,3,2,50,True,True,96.0,14
Bad,68,60,7,31,11,0,92,27.0,7,5,12,3,42,0,1,50,77.0,5,2,1,88,True,False,92.0,10
Good,76,231,9,86,27,0,97,22.0,7,6,30,3,33,1,1,48,75.0,4,3,0,78,True,False,90.0,23
Good,73,206,7,97,28,0,97,23.0,7,6,31,1,35,0,0,34,56.0,4,3,0,73,True,False,90.0,22
Bad,65,125,5,54,28,1,90,6.0,6,4,31,2,58,0,0,51,62.0,4,5,1,75,True,True,90.0,23
Good,64,320,2,96,40,0,93,24.0,7,6,42,2,37,0,7,35,77.0,14,2,1,80,True,False,95.0,33
Bad,64,133,8,77,16,2,76,5.0,6,4,21,2,29,0,2,32,2.0,6,2,1,80,True,True,76.0,16
Bad,65,235,3,65,28,0,90,40.0,7,6,29,5,31,0,2,31,71.0,12,4,1,80,True,False,97.0,23
Bad,68,261,2,63,13,0,86,25.0,7,6,14,5,36,0,2,32,95.0,7,3,0,83,True,False,93.0,11
Bad,65,182,2,50,18,0,90,6.0,6,5,21,5,57,35,7,58,88.0,4,3,0,88,True,True,86.0,18
Bad,75,193,3,52,23,0,96,43.0,7,2,24,2,29,0,0,27,,9,1,1,67,True,False,96.0,16
Bad,65,82,1,43,25,1,97,70.0,7,5,30,3,33,2,4,33,53.0,2,8,1,56,True,False,83.0,16
Good,91,323,34,164,15,0,100,122.0,7,7,15,0,20,2,1,1,35.0,2,1,0,30,False,False,100.0,4
Bad,80,318,4,74,22,0,100,122.0,7,7,22,5,77,0,8,7,91.0,2,3,0,83,False,False,100.0,18
Bad,67,187,9,67,15,1,88,2.0,2,2,17,1,41,0,1,60,56.0,5,2,1,78,True,True,88.0,13
Bad,68,182,19,94,19,0,90,2.0,6,6,20,0,40,0,3,5,48.0,3,3,0,55,True,True,95.0,11
Good,85,164,4,90,34,0,100,122.0,7,7,37,2,76,3,1,2,,2,1,0,100,False,False,92.0,37
Bad,67,51,2,25,9,0,80,10.0,6,6,10,2,50,0,2,0,96.0,1,1,0,50,True,True,90.0,5
Bad,82,256,6,77,17,0,100,122.0,7,7,51,1,22,1,1,37,,3,1,2,80,False,False,33.0,40
Bad,73,214,4,122,27,0,96,34.0,7,6,31,2,37,4,3,16,93.0,2,2,0,40,True,False,87.0,12
Good,83,417,22,113,22,0,100,122.0,7,7,22,0,27,22,0,44,,2,1,0,60,False,False,100.0,13
Bad,62,340,3,86,21,0,91,2.0,6,5,23,3,17,0,2,50,64.0,6,2,3,67,True,True,91.0,15
Good,68,269,12,115,18,0,89,54.0,7,6,18,0,28,0,0,68,84.0,9,1,4,83,True,False,100.0,14
Bad,59,156,14,63,17,2,82,67.5,7,6,19,0,24,0,1,35,76.0,6,2,2,80,True,False,89.0,15
Bad,84,305,5,86,45,0,100,122.0,7,7,46,2,35,0,3,22,84.0,4,3,0,47,False,False,98.0,21
Good,82,78,3,36,26,0,100,122.0,7,7,26,3,8,35,0,1,,1,1,0,11,False,False,100.0,2
Good,64,166,2,58,14,0,89,18.0,7,5,19,3,58,3,1,41,82.0,3,6,0,82,True,False,74.0,15
Bad,81,137,9,66,34,0,100,122.0,7,7,34,1,62,0,1,24,92.0,3,4,0,78,False,False,100.0,26
Bad,76,65,13,31,3,0,100,122.0,7,7,3,0,0,0,0,48,,2,2,1,67,False,False,100.0,2
Good,88,214,4,114,31,0,100,122.0,7,7,31,2,13,0,1,16,,2,1,0,19,False,False,100.0,5
Bad,65,123,2,53,16,0,82,18.0,7,6,17,2,41,0,1,58,97.0,6,2,2,73,True,False,94.0,12
Good,84,52,3,25,7,0,100,122.0,7,7,7,2,43,0,0,5,98.0,1,2,0,50,False,False,100.0,3
Good,86,191,3,77,38,0,100,122.0,7,7,40,3,58,5,0,6,,4,2,1,55,False,False,95.0,22
Good,86,215,5,80,38,0,100,122.0,7,7,39,2,16,12,0,2,,1,2,0,21,False,False,97.0,8
Good,86,166,2,77,9,0,100,122.0,7,7,10,1,40,0,5,7,,1,1,0,33,False,False,90.0,3
Bad,60,85,14,54,16,3,68,25.0,7,3,23,0,47,2,1,23,49.0,3,3,2,50,True,False,70.0,11
Bad,62,171,5,92,52,0,90,4.0,6,5,58,2,47,35,0,28,32.0,7,7,0,78,True,True,90.0,45
Bad,72,198,13,91,16,0,94,53.0,7,6,18,0,39,0,1,88,86.0,5,2,2,100,True,False,89.0,18
Bad,60,333,15,112,19,2,71,7.0,4,4,22,0,29,0,1,9,85.0,3,3,0,40,True,True,86.0,8
Good,64,282,17,81,32,0,76,1.0,6,5,33,0,33,23,0,17,56.0,9,4,0,65,True,True,97.0,21
Good,71,357,5,71,26,0,96,60.0,7,6,27,3,52,5,0,39,,3,3,1,75,True,False,96.0,20
Good,50,130,7,63,10,7,59,1.0,2,2,17,1,12,0,0,13,,4,1,1,88,True,True,59.0,14
Bad,76,75,7,44,23,0,92,12.0,7,6,24,2,13,0,0,0,77.0,2,2,0,25,True,False,96.0,6
Bad,65,299,6,77,11,1,92,1.0,2,2,12,4,17,0,8,18,107.0,6,1,1,78,True,True,92.0,9
Good,72,386,3,95,33,0,100,122.0,7,7,33,3,18,2,2,30,97.0,9,2,1,58,False,False,100.0,19
Good,59,274,3,98,27,0,93,1.0,6,6,28,2,21,0,1,54,82.0,8,2,4,65,True,True,96.0,18
Good,91,230,12,135,18,0,100,122.0,7,7,32,0,16,12,0,10,,1,2,0,25,False,False,56.0,8
Good,64,130,1,33,13,0,100,122.0,7,7,14,6,0,4,1,64,,7,2,3,78,False,False,93.0,10
Bad,65,107,7,48,40,0,100,122.0,7,7,43,4,42,0,2,80,86.0,5,2,4,70,False,False,93.0,30
Bad,62,81,5,40,17,0,89,15.0,7,6,18,1,33,0,2,79,63.0,5,2,2,88,True,False,94.0,15
Good,83,204,6,98,14,0,100,122.0,7,7,14,3,21,6,0,27,,2,1,0,25,False,False,100.0,3
Good,65,332,2,139,16,0,89,1.0,6,5,18,2,0,1,1,5,,9,2,0,60,True,True,89.0,10
Good,88,433,6,138,21,0,96,76.0,7,6,23,2,74,0,4,0,93.0,2,2,0,57,True,False,91.0,13
Bad,59,15,4,9,8,0,100,122.0,7,7,8,6,25,35,1,66,83.0,2,2,2,63,False,False,100.0,5
Good,70,141,8,145,17,2,80,29.0,7,2,20,1,20,16,0,46,91.0,5,2,1,100,True,False,85.0,20
Good,82,193,14,74,13,0,100,122.0,7,7,13,0,38,0,0,21,60.0,3,2,2,63,False,False,100.0,8
Bad,62,166,1,54,38,2,95,67.5,7,3,44,4,32,1,3,80,93.0,5,2,3,78,True,False,86.0,34
Bad,70,116,12,62,14,1,83,14.0,7,4,18,0,17,0,2,70,,5,1,2,88,True,False,78.0,15
Good,77,181,3,116,19,0,100,122.0,7,7,19,2,16,18,0,34,,10,1,1,85,False,False,100.0,16
Bad,60,70,8,39,10,1,83,19.0,7,5,13,1,58,0,1,89,93.0,4,3,2,88,True,False,77.0,11
Good,79,200,10,82,38,0,100,122.0,7,7,40,1,30,0,1,35,67.0,2,2,1,36,False,False,95.0,14
Bad,70,226,5,74,22,0,91,66.0,7,6,22,1,32,35,0,61,94.0,5,2,2,64,True,False,100.0,14
Bad,63,11,2,7,10,0,100,122.0,7,7,12,12,25,0,10,18,,7,1,0,80,False,False,83.0,9
Bad,65,101,2,34,15,0,100,122.0,7,7,18,5,33,0,9,72,100.0,5,3,4,69,False,False,83.0,12
Bad,75,197,2,95,20,0,95,62.0,7,6,21,2,24,35,2,48,99.0,4,3,1,78,True,False,95.0,16
Bad,78,75,4,35,13,0,100,122.0,7,7,14,2,50,4,1,37,73.0,4,3,0,78,False,False,93.0,10
Bad,60,215,12,110,15,0,73,13.0,7,6,15,0,7,11,0,75,,5,2,4,64,True,False,100.0,9
Bad,64,195,5,52,30,0,100,122.0,7,7,30,5,33,0,3,75,,5,2,2,50,False,False,100.0,15
Good,80,282,2,103,28,0,97,3.0,6,6,37,1,26,0,3,0,,1,2,0,14,True,True,76.0,5
Good,72,206,3,75,49,0,100,122.0,7,7,49,6,35,6,0,56,67.0,7,3,2,83,False,False,100.0,40
Bad,67,189,13,111,8,4,70,68.0,7,3,10,0,50,0,1,97,,1,1,1,100,True,False,80.0,10
Bad,55,201,4,62,33,0,88,6.0,6,6,33,5,30,35,2,71,70.0,6,5,4,61,True,True,100.0,20
Bad,58,91,4,41,31,0,100,122.0,7,7,32,5,56,0,1,71,90.0,13,4,4,100,False,False,97.0,32
Good,67,217,9,89,15,2,82,8.0,6,2,23,1,18,0,3,3,25.0,1,1,0,29,True,True,65.0,6
Good,78,193,29,100,18,0,100,122.0,7,7,18,0,33,0,0,63,,4,2,2,55,False,False,100.0,9
Bad,72,48,10,26,4,0,100,122.0,7,7,4,1,25,35,1,54,,3,1,0,100,False,False,100.0,4
Good,82,120,2,43,15,0,100,122.0,7,7,17,4,29,0,0,33,80.0,2,4,0,86,False,False,88.0,14
Bad,55,313,21,119,18,1,64,3.0,6,4,22,0,36,0,1,55,56.0,6,2,5,75,True,True,82.0,16
Bad,70,113,13,21,9,0,100,122.0,7,7,14,0,11,0,2,20,,3,1,1,50,False,False,64.0,7
Good,80,228,2,61,46,0,100,122.0,7,7,49,7,29,0,1,9,,5,2,0,57,False,False,94.0,27
Good,72,400,3,104,38,0,100,122.0,7,7,39,5,18,0,0,37,3.0,9,2,3,63,False,False,97.0,24
Good,75,292,7,102,22,0,100,122.0,7,7,22,1,27,7,0,31,,6,2,1,62,False,False,100.0,13
Good,73,397,2,113,40,0,98,39.0,7,6,41,5,37,10,0,26,79.0,8,4,0,71,True,False,98.0,29
Good,82,191,9,77,31,0,90,22.0,7,6,31,1,16,0,1,7,82.0,4,1,0,42,True,False,100.0,13
Bad,67,212,4,79,18,0,100,122.0,7,7,18,5,22,0,3,81,30.0,7,1,5,82,False,False,100.0,14
Good,79,344,24,135,24,0,100,122.0,7,7,24,0,17,1,1,41,,4,1,2,50,False,False,100.0,12
Bad,89,272,22,126,16,0,100,122.0,7,7,16,0,25,1,1,9,43.0,2,2,0,40,False,False,100.0,6
Bad,73,107,10,70,20,0,95,67.5,7,6,21,1,86,0,4,81,93.0,2,3,2,83,True,False,95.0,17
Good,71,59,2,21,6,0,100,122.0,7,7,8,4,50,1,2,44,95.0,2,2,0,67,False,False,75.0,5
Bad,56,180,8,74,29,2,87,2.0,3,3,32,4,30,35,1,30,80.0,5,4,1,69,True,True,91.0,22
Bad,69,161,4,90,19,1,89,61.0,7,6,19,2,26,35,1,38,94.0,8,1,3,90,True,False,100.0,17
Good,72,194,2,100,43,0,100,122.0,7,7,48,1,29,35,0,34,61.0,8,3,3,72,False,False,90.0,34
Good,86,361,12,171,9,0,100,122.0,7,7,9,0,22,0,0,31,16.0,4,2,0,67,False,False,100.0,6
Good,65,114,11,63,14,2,72,16.0,7,2,19,2,28,35,3,23,80.0,3,1,1,57,True,False,74.0,10
Good,77,145,3,66,20,0,95,61.0,7,6,25,2,35,35,0,22,66.0,4,3,0,70,True,False,80.0,17
Good,86,155,3,68,33,0,100,122.0,7,7,36,2,42,0,1,2,98.0,2,1,0,60,False,False,92.0,21
Bad,58,214,10,158,15,2,58,1.0,6,3,19,1,53,35,0,3,68.0,4,3,0,100,True,True,79.0,19
Bad,65,91,1,38,17,1,89,21.0,7,6,18,5,56,0,6,26,37.0,3,4,0,78,True,False,94.0,14
Good,81,134,2,60,25,0,100,122.0,7,7,27,2,15,35,1,32,48.0,6,3,0,100,False,False,93.0,27
Good,82,270,30,89,12,0,100,122.0,7,7,12,0,42,0,0,44,6.0,3,2,0,71,False,False,100.0,8
Good,79,261,4,121,14,0,93,61.0,7,6,14,2,7,0,2,11,,2,2,0,50,True,False,100.0,7
Good,89,159,11,62,9,0,100,122.0,7,7,9,3,22,11,0,2,,1,1,0,33,False,False,100.0,2
Bad,68,238,20,72,31,2,91,3.0,2,2,33,0,21,0,0,20,62.0,5,2,1,44,True,True,94.0,14
Good,83,202,28,97,10,0,100,122.0,7,7,10,0,20,1,1,0,46.0,0,2,1,67,False,False,100.0,6
Bad,69,105,3,30,17,0,100,122.0,7,7,17,7,12,4,1,32,100.0,6,1,2,64,False,False,100.0,10
Good,83,190,26,102,32,0,97,52.0,7,6,33,0,19,2,1,2,20.0,2,3,0,42,True,False,97.0,13
Good,81,137,1,55,20,0,100,122.0,7,7,23,3,43,1,3,33,92.0,2,3,0,63,False,False,87.0,14
Bad,74,111,2,52,26,0,100,122.0,7,7,29,5,34,0,0,46,92.0,5,2,2,64,False,False,90.0,18
Good,88,206,7,83,23,0,100,122.0,7,7,25,2,44,23,0,18,89.0,1,2,0,60,False,False,92.0,15
Bad,80,146,1,38,15,0,100,122.0,7,7,30,1,13,3,2,16,,2,1,0,27,False,False,50.0,8
Bad,80,203,6,91,15,0,100,122.0,7,7,17,1,29,35,0,16,93.0,6,2,1,69,False,False,88.0,11
Good,83,174,9,142,13,0,100,122.0,7,7,14,1,36,0,3,0,82.0,0,2,0,33,False,False,93.0,4
Good,68,123,20,44,7,0,86,10.0,7,6,7,0,29,1,1,26,72.0,2,2,0,80,True,False,100.0,5
Good,56,219,7,99,36,1,97,0.0,6,6,40,2,38,1,4,26,42.0,4,3,0,39,True,True,90.0,15
Bad,68,223,4,81,25,1,76,12.0,7,4,29,5,28,15,0,33,96.0,4,3,1,50,True,False,86.0,14
Good,68,252,21,114,15,0,88,5.0,6,5,17,0,53,35,0,23,,2,3,0,83,True,True,88.0,14
Bad,58,149,13,68,31,0,91,1.0,6,6,32,0,34,35,1,62,64.0,4,5,2,75,True,True,97.0,24
Bad,67,251,2,76,31,0,97,67.5,7,6,34,4,59,35,3,79,84.0,6,5,2,92,True,False,91.0,31
Good,81,144,14,83,23,0,92,54.0,7,6,25,0,36,0,0,8,49.0,1,2,0,33,True,False,92.0,8
Good,66,182,5,69,20,0,100,122.0,7,7,20,2,25,3,1,55,96.0,8,2,3,91,False,False,100.0,18
Bad,61,39,23,26,4,1,60,12.0,7,5,6,0,60,0,0,28,,1,1,0,67,True,False,67.0,4
Good,82,257,3,108,45,0,100,122.0,7,7,46,3,28,35,1,3,100.0,2,3,0,46,False,False,98.0,21
Good,74,198,4,53,11,1,92,62.0,7,2,12,1,33,4,2,3,,2,1,0,43,True,False,92.0,5
Bad,59,209,5,96,16,1,82,1.0,6,3,17,1,18,4,1,43,,6,1,0,70,True,True,94.0,11
Bad,75,136,33,74,17,0,100,122.0,7,7,25,0,65,2,1,83,165.0,1,9,1,77,False,False,68.0,19
Good,74,435,4,192,12,0,77,18.0,7,6,13,1,8,0,0,56,,2,2,0,75,True,False,92.0,9
Good,87,172,11,72,19,0,100,122.0,7,7,19,1,32,16,0,0,25.0,1,2,0,27,False,False,100.0,5
Bad,67,134,2,52,23,0,92,63.0,7,6,25,3,25,0,9,30,,5,2,1,64,True,False,92.0,16
Good,58,125,14,62,10,5,80,1.0,6,6,10,0,60,0,2,81,,3,2,1,83,True,True,100.0,8
Bad,82,163,18,86,14,0,100,122.0,7,7,14,0,7,5,0,35,70.0,3,1,0,83,False,False,100.0,11
Good,74,158,2,58,36,1,97,67.5,7,6,40,5,45,0,0,0,92.0,1,3,1,57,True,False,90.0,22
Good,71,167,31,84,21,0,96,37.0,7,6,23,0,13,35,0,55,,5,1,3,60,True,False,91.0,13
Good,88,286,76,133,4,0,100,122.0,7,7,5,0,60,0,0,9,,1,2,0,100,False,False,80.0,5
Good,77,255,5,72,40,0,100,122.0,7,7,45,7,22,35,1,3,71.0,7,5,1,46,False,False,89.0,20
Good,80,270,18,128,32,0,100,122.0,7,7,32,0,38,0,0,25,31.0,3,6,1,77,False,False,100.0,24
Good,69,117,7,34,8,0,89,44.0,7,6,9,1,78,0,2,0,94.0,0,3,1,75,True,False,89.0,6
Good,78,156,4,41,13,0,100,122.0,7,7,13,6,38,3,3,19,93.0,2,3,0,71,False,False,100.0,9
Good,82,172,0,71,23,0,100,122.0,7,7,24,4,54,0,1,4,81.0,4,3,0,70,False,False,96.0,16
Bad,77,264,4,78,35,0,100,122.0,7,7,35,7,6,0,1,11,,6,2,2,47,False,False,100.0,16
Good,70,284,1,64,12,0,71,9.0,6,5,14,1,14,0,1,15,60.0,3,2,0,63,True,True,86.0,8
Bad,73,420,97,208,7,0,88,64.0,7,6,8,0,25,0,0,76,,3,2,2,75,True,False,88.0,6
Good,58,372,38,94,15,1,71,5.0,3,3,17,0,53,0,0,35,,4,1,0,100,True,True,88.0,17
Bad,59,45,11,31,10,1,73,11.0,6,4,15,1,20,0,0,14,,6,1,0,88,True,True,67.0,13
Good,78,175,17,88,39,0,100,122.0,7,7,40,0,70,5,1,33,74.0,3,2,1,83,False,False,98.0,33
Good,74,52,5,26,16,0,100,122.0,7,7,16,2,19,0,1,45,56.0,3,2,0,56,False,False,100.0,8
Bad,62,343,3,154,16,4,60,28.0,7,2,25,2,20,0,3,59,,4,2,1,67,True,False,64.0,16
Bad,60,240,5,115,11,0,73,13.0,7,5,15,1,33,14,0,93,96.0,5,2,3,100,True,False,73.0,15
Good,85,165,1,73,10,0,100,122.0,7,7,13,4,8,0,0,11,,4,1,0,63,False,False,77.0,8
Bad,56,165,1,71,1,5,75,34.0,7,5,9,2,50,0,3,0,,0,1,0,67,True,False,11.0,6
Good,76,254,8,85,16,0,100,122.0,7,7,16,2,31,0,0,49,94.0,2,3,2,71,False,False,100.0,11
Bad,60,55,2,30,20,0,100,122.0,7,7,21,7,24,1,5,64,91.0,7,4,3,80,False,False,95.0,16
Good,88,217,7,94,12,0,100,122.0,7,7,12,1,17,0,0,6,,3,2,0,38,False,False,100.0,4
Bad,83,262,19,135,36,0,100,122.0,7,7,37,0,27,19,0,38,47.0,11,2,1,76,False,False,97.0,28
Bad,73,178,2,42,11,0,100,122.0,7,7,11,2,8,35,0,40,100.0,4,1,1,71,False,False,100.0,7
Bad,70,84,8,40,15,0,88,60.0,7,5,16,1,25,35,0,7,69.0,2,3,0,56,True,False,94.0,8
Good,82,222,3,73,38,0,100,122.0,7,7,39,3,31,0,2,8,100.0,3,2,0,38,False,False,97.0,14
Bad,57,168,73,107,8,2,89,8.0,2,6,9,0,44,35,0,30,,4,2,1,67,True,True,89.0,6
Bad,69,266,5,93,22,0,89,28.0,7,5,27,2,41,9,0,27,92.0,6,2,1,67,True,False,81.0,18
Good,60,303,2,116,44,0,87,5.0,7,6,45,1,27,0,0,35,70.0,6,5,1,50,True,False,98.0,22
Bad,77,46,5,27,7,0,100,122.0,7,7,7,2,43,0,1,0,96.0,0,2,1,67,False,False,100.0,4
Bad,61,210,4,64,28,0,93,9.0,6,6,28,3,46,0,0,52,95.0,10,2,4,86,True,True,100.0,24
Good,82,208,11,77,22,0,96,39.0,7,5,24,1,21,0,1,3,80.0,4,2,0,55,True,False,92.0,13
Good,72,156,2,53,16,0,89,50.0,7,5,24,1,37,35,0,29,50.0,2,2,1,44,True,False,67.0,10
Good,80,229,0,87,12,0,100,122.0,7,7,13,2,15,0,0,53,,2,1,2,38,False,False,92.0,4
Bad,79,181,1,91,12,0,100,122.0,7,7,14,1,21,0,3,66,39.0,3,2,1,71,False,False,86.0,9
Good,68,348,12,91,34,0,100,122.0,7,7,34,0,32,0,0,78,68.0,11,4,7,76,False,False,100.0,25
Bad,63,79,10,30,10,0,100,122.0,7,7,10,1,30,35,0,88,70.0,4,2,2,100,False,False,100.0,10
Bad,80,88,2,50,20,0,95,39.0,7,6,22,2,48,21,0,13,55.0,4,3,0,70,True,False,91.0,15
Good,74,138,23,89,9,0,89,1.0,6,6,9,0,22,0,0,3,,1,2,0,25,True,True,100.0,2
Bad,71,171,27,92,9,0,67,7.0,6,6,9,0,22,5,0,40,43.0,3,1,0,67,True,True,100.0,6
Good,72,156,12,48,10,0,90,79.0,7,6,10,0,30,35,2,41,65.0,4,1,0,86,True,False,100.0,8
Good,82,235,24,123,30,0,100,122.0,7,7,32,0,38,35,0,36,,3,1,0,100,False,False,94.0,32
Bad,68,144,4,58,24,0,100,122.0,7,7,24,3,38,0,0,81,82.0,8,4,2,100,False,False,100.0,24
Good,61,138,19,62,9,0,92,1.0,6,6,13,0,31,0,2,91,61.0,4,2,4,75,True,True,69.0,9
Good,86,153,17,77,19,0,100,122.0,7,7,21,0,43,0,1,8,92.0,1,4,0,83,False,False,90.0,17
Good,79,193,18,100,24,0,96,36.0,7,6,34,0,40,19,0,16,,3,1,0,44,True,False,71.0,14
Good,71,176,6,87,16,1,94,57.0,7,2,17,1,35,35,0,70,,3,2,1,75,True,False,94.0,12
Bad,57,75,8,33,17,0,88,2.0,6,6,17,1,18,0,0,32,,3,1,2,44,True,True,100.0,7
Good,71,181,9,46,15,0,88,21.0,7,6,16,3,44,8,0,32,89.0,3,2,0,63,True,False,94.0,10
Good,70,204,6,77,28,0,97,2.0,6,6,50,4,23,6,0,33,97.0,3,1,1,42,True,True,56.0,21
Bad,67,96,15,63,20,0,75,2.0,6,6,20,0,55,0,0,4,78.0,3,3,0,60,True,True,100.0,12
Good,88,450,33,169,14,0,100,122.0,7,7,14,0,14,0,0,0,,2,2,0,50,False,False,100.0,7
Bad,66,133,6,77,23,0,100,122.0,7,7,26,2,42,0,3,105,94.0,6,2,6,100,False,False,88.0,26
Good,75,176,2,77,23,0,100,122.0,7,7,28,3,43,1,1,46,86.0,5,2,2,78,False,False,82.0,21
Good,90,184,71,106,4,0,100,122.0,7,7,4,0,50,0,0,0,,0,1,0,50,False,False,100.0,2
Bad,74,211,8,85,43,0,93,8.0,6,5,45,1,44,0,2,3,80.0,4,2,0,60,True,True,96.0,27
Good,82,302,28,91,19,0,100,122.0,7,7,20,0,15,0,3,2,,4,2,0,50,False,False,95.0,10
Bad,60,199,9,40,14,2,94,65.0,2,5,16,3,44,8,0,103,,4,2,3,100,True,True,88.0,16
Bad,57,129,29,74,12,16,30,6.0,3,3,30,0,73,35,0,26,47.0,2,9,0,92,True,True,40.0,27
Bad,74,254,3,101,14,0,87,40.0,7,6,15,1,47,0,1,29,67.0,3,4,1,70,True,False,93.0,10
Bad,59,244,4,76,27,0,80,6.0,6,5,30,2,40,0,2,88,54.0,7,4,3,93,True,True,90.0,27
Good,78,479,12,128,30,0,90,13.0,7,6,30,0,30,11,0,6,50.0,6,5,1,61,True,False,100.0,18
Bad,55,138,6,43,3,0,50,73.0,7,6,4,1,50,0,2,131,90.0,1,1,1,100,True,False,75.0,4
Bad,62,260,3,74,29,0,86,1.0,6,5,35,6,40,35,5,27,73.0,7,8,0,63,True,True,83.0,22
Good,76,268,1,78,23,0,100,122.0,7,7,35,6,28,0,2,13,53.0,4,2,0,43,False,False,66.0,15
Bad,51,169,5,70,19,0,62,2.0,6,6,21,1,33,0,0,87,48.0,5,2,4,64,True,True,90.0,13
Good,70,241,4,88,10,0,75,56.0,7,5,13,1,50,0,0,39,68.0,4,2,2,100,True,False,77.0,13
Good,82,174,6,74,25,0,100,122.0,7,7,26,1,23,5,0,19,77.0,2,3,0,67,False,False,96.0,17
Good,77,298,10,121,23,0,100,122.0,7,7,24,2,25,1,3,48,87.0,5,1,1,67,False,False,96.0,16
Good,73,134,11,54,23,0,100,122.0,7,7,24,1,46,2,1,47,58.0,4,4,1,67,False,False,96.0,16
Bad,69,147,3,65,38,0,100,122.0,7,7,41,4,44,1,4,51,73.0,3,3,1,46,False,False,93.0,18
Good,76,292,1,110,38,0,98,67.0,7,6,44,3,18,6,0,21,96.0,7,2,2,59,True,False,86.0,25
Good,77,90,10,41,3,0,100,122.0,7,7,3,1,67,0,0,26,83.0,1,2,0,100,False,False,100.0,3
Bad,79,130,15,63,12,0,92,33.0,7,6,12,0,42,0,0,12,,2,1,2,60,True,False,100.0,7
Bad,65,277,6,79,27,0,93,25.0,7,6,30,4,21,0,11,29,43.0,6,3,2,56,True,False,90.0,16
Bad,75,360,1,43,18,0,100,122.0,7,7,37,6,32,35,0,36,38.0,3,3,0,55,False,False,49.0,20
Bad,74,369,6,80,19,1,95,17.0,7,2,19,2,5,35,0,21,,6,2,0,67,True,False,100.0,12
Good,78,317,13,77,33,0,97,33.0,7,6,35,0,21,35,0,5,,3,2,0,31,True,False,94.0,10
Bad,80,172,2,32,38,0,100,122.0,7,7,39,14,33,0,29,6,88.0,5,4,0,38,False,False,97.0,14
Bad,67,89,1,36,16,0,100,122.0,7,7,19,5,26,0,4,63,29.0,6,2,3,73,False,False,84.0,13
Bad,66,136,6,62,55,1,98,14.0,7,2,57,4,23,0,1,41,60.0,9,5,4,56,True,False,96.0,31
Bad,82,153,9,54,18,0,100,122.0,7,7,18,1,44,14,0,9,,2,1,0,38,False,False,100.0,6
Bad,54,266,5,99,54,0,96,11.0,6,6,56,2,43,2,3,58,67.0,12,6,3,69,True,True,96.0,38
Bad,56,91,3,46,27,0,96,9.0,6,6,27,5,19,2,1,86,69.0,17,2,8,87,True,True,100.0,23
Bad,88,188,17,107,9,0,100,122.0,7,7,16,0,33,35,0,0,69.0,1,2,0,57,False,False,56.0,9
Good,84,49,6,28,13,0,100,122.0,7,7,13,1,46,0,1,1,59.0,1,2,0,60,False,False,100.0,7
Bad,60,47,12,31,2,0,33,5.0,6,6,3,0,33,0,0,72,,1,2,0,100,True,True,67.0,3
Good,75,85,2,60,7,1,78,27.0,7,4,9,2,44,0,0,5,,3,1,1,80,True,False,78.0,7
Good,60,261,2,121,10,0,46,41.0,7,5,13,1,38,2,1,4,101.0,3,2,0,100,True,False,77.0,13
Bad,63,112,4,54,17,1,89,21.0,7,2,19,1,37,0,0,72,97.0,7,3,4,91,True,False,89.0,17
Bad,62,144,2,43,22,0,100,122.0,7,7,23,3,35,0,1,74,41.0,6,4,3,71,False,False,96.0,16
Bad,69,192,2,106,27,1,88,15.0,7,4,32,5,53,35,2,15,23.0,4,4,0,67,True,False,84.0,21
Good,68,148,7,65,17,0,83,31.0,7,6,18,1,44,0,0,28,48.0,2,2,2,40,True,False,94.0,7
Good,75,231,7,83,28,2,97,78.0,7,6,30,2,77,1,1,10,73.0,2,3,0,63,True,False,93.0,18
Bad,83,175,26,69,16,0,100,122.0,7,7,16,0,38,0,1,4,43.0,2,2,0,40,False,False,100.0,6
Bad,72,21,8,16,3,0,100,122.0,7,7,3,1,67,0,1,4,87.0,1,2,1,100,False,False,100.0,3
Bad,60,89,3,40,27,0,100,122.0,7,7,27,5,37,35,1,89,54.0,11,2,6,81,False,False,100.0,21
Bad,62,154,6,84,11,0,92,1.0,6,5,12,1,25,0,2,5,93.0,1,2,0,75,True,True,92.0,9
Good,83,181,12,82,10,0,85,75.0,7,6,13,0,46,5,0,2,87.0,1,1,0,67,True,False,77.0,8
Bad,58,264,13,78,24,0,92,1.0,6,6,25,0,28,0,4,70,23.0,13,2,5,94,True,True,96.0,23
Bad,62,164,9,47,13,0,100,122.0,7,7,13,3,31,0,1,81,87.0,5,2,4,88,False,False,100.0,11
Bad,88,199,4,112,5,0,100,122.0,7,7,5,1,40,3,1,5,98.0,3,1,0,100,False,False,100.0,5
Good,86,167,5,65,46,0,100,122.0,7,7,47,4,20,4,1,2,,1,2,0,13,False,False,98.0,6
Bad,68,63,1,28,14,0,93,37.0,7,6,15,2,53,35,0,31,,1,1,0,50,True,False,93.0,7
Bad,70,278,11,87,16,0,94,12.0,7,5,31,1,18,35,1,74,66.0,7,3,3,100,True,False,52.0,31
Bad,55,156,5,65,59,1,98,2.0,6,6,59,5,36,1,11,44,91.0,7,5,1,92,True,True,100.0,54
Bad,71,135,24,73,21,1,87,15.0,7,4,23,0,4,0,0,26,,4,1,1,55,True,False,91.0,12
Bad,76,87,2,34,30,0,100,122.0,7,7,35,6,34,0,16,4,60.0,9,1,0,65,False,False,86.0,22
Bad,61,108,1,64,3,0,67,79.0,7,6,8,2,50,0,4,81,81.0,1,1,1,75,True,False,38.0,6
Good,77,132,8,70,23,0,100,122.0,7,7,23,1,48,3,2,21,88.0,2,3,0,71,False,False,100.0,16
Good,84,137,3,87,22,0,95,67.5,7,6,22,1,41,0,0,8,,2,1,0,43,True,False,100.0,9
Bad,68,27,0,15,12,0,100,122.0,7,7,13,5,31,0,5,14,72.0,3,3,0,67,False,False,92.0,8
Bad,63,88,8,41,25,0,92,20.0,7,6,26,1,35,0,2,25,72.0,3,3,2,38,True,False,96.0,9
Bad,63,103,5,37,29,0,90,3.0,6,5,31,3,37,6,0,32,95.0,8,5,0,57,True,True,94.0,17
Bad,75,94,1,24,10,0,100,122.0,7,7,11,5,27,2,4,18,66.0,3,2,0,63,False,False,91.0,6
Good,60,106,2,61,25,0,93,41.0,7,6,27,1,22,0,0,88,100.0,13,1,5,93,True,False,93.0,25
Good,79,165,2,100,31,1,95,72.0,7,3,37,3,73,7,0,11,,2,1,0,60,True,False,84.0,22
Good,88,422,13,127,23,0,100,122.0,7,7,24,0,17,0,2,2,,2,1,0,38,False,False,96.0,9
Bad,56,184,2,113,19,1,56,4.0,6,2,27,1,22,0,1,50,,9,2,1,75,True,True,70.0,20
Bad,66,139,11,80,7,0,100,122.0,7,7,8,1,25,0,0,86,,2,1,2,100,False,False,88.0,8
Bad,61,272,1,70,8,1,78,20.0,7,6,10,4,22,0,9,22,65.0,3,2,0,63,True,False,80.0,6
Bad,67,97,2,46,8,0,100,122.0,7,7,9,1,33,0,1,66,48.0,5,2,1,88,False,False,89.0,7
Bad,80,181,9,53,13,0,100,122.0,7,7,13,1,62,0,0,44,92.0,2,3,0,83,False,False,100.0,10
Good,84,168,4,66,15,0,100,122.0,7,7,43,2,40,0,2,3,62.0,3,2,0,86,False,False,35.0,36
Good,91,425,61,127,14,0,100,122.0,7,7,15,0,14,0,0,3,,4,1,0,71,False,False,93.0,10
Good,89,245,184,215,2,0,100,122.0,7,7,37,0,0,22,0,3,,1,2,0,50,False,False,5.0,18
Bad,84,85,4,42,5,0,100,122.0,7,7,5,1,40,0,0,0,,0,2,0,50,False,False,100.0,2
Good,75,416,4,167,7,2,89,28.0,7,2,10,2,33,0,1,8,57.0,5,2,0,88,True,False,70.0,8
Bad,67,217,12,82,27,3,72,30.0,7,3,32,0,41,0,3,5,85.0,1,4,1,45,True,False,84.0,14
Good,82,308,8,109,38,0,100,122.0,7,7,44,2,50,3,1,1,84.0,4,1,1,38,False,False,86.0,16
Bad,74,385,2,72,35,1,95,69.0,7,4,37,6,49,3,1,34,95.0,3,5,0,75,True,False,95.0,27
Bad,57,137,3,56,16,1,71,17.0,7,6,18,2,41,0,0,81,99.0,5,3,1,89,True,False,89.0,16
Bad,60,146,11,99,16,0,81,7.0,6,6,16,1,13,10,0,42,,7,1,2,80,True,True,100.0,12
Good,72,106,14,75,9,0,50,44.0,7,6,10,0,30,0,0,0,,0,2,1,0,True,False,90.0,0
Good,86,197,10,95,20,0,100,122.0,7,7,24,1,58,0,0,8,,4,1,0,63,False,False,83.0,15
Bad,63,174,1,62,11,0,79,5.0,6,5,14,1,29,0,5,37,101.0,5,2,2,70,True,True,79.0,9
Good,75,156,6,60,28,0,100,122.0,7,7,29,3,32,9,0,42,93.0,5,1,0,67,False,False,97.0,19
Bad,50,202,2,55,32,2,84,3.0,2,5,39,6,36,0,5,69,97.0,6,6,1,63,True,True,82.0,24
Good,63,232,2,103,14,2,88,21.0,7,4,17,1,6,1,4,11,,1,2,0,17,True,False,82.0,2
Good,58,14,1,6,3,0,100,122.0,7,7,5,4,40,35,15,98,,2,2,1,80,False,False,60.0,4
Bad,54,203,4,78,47,5,90,6.0,2,2,49,2,76,0,3,56,90.0,5,14,0,86,True,True,96.0,42
Bad,71,209,7,88,35,0,91,19.0,7,6,35,3,34,35,0,38,61.0,6,7,0,87,True,False,100.0,30
Bad,57,134,3,66,36,0,97,22.0,7,6,36,3,25,0,2,64,29.0,11,5,9,71,True,False,100.0,25
Bad,56,246,7,83,18,1,77,3.0,3,3,23,1,36,35,0,49,94.0,3,1,1,80,True,True,78.0,18
Good,75,159,10,58,9,1,91,66.0,7,3,11,1,9,0,3,15,,2,1,0,63,True,False,82.0,6
Bad,61,329,20,94,16,4,94,5.0,2,2,17,0,47,18,0,63,3.0,2,3,1,100,True,True,94.0,17
Good,77,178,14,107,20,0,100,122.0,7,7,22,0,55,1,1,39,86.0,4,2,0,100,False,False,91.0,22
Bad,68,171,6,89,16,0,94,71.0,7,6,17,1,12,0,1,51,,5,1,4,50,True,False,94.0,8
Good,63,74,12,44,21,0,95,22.0,7,5,22,0,14,35,1,54,83.0,11,1,4,80,True,False,95.0,17
Bad,65,134,5,79,16,2,61,9.0,6,2,23,2,30,35,0,18,96.0,2,2,0,57,True,True,70.0,13
Bad,71,164,10,81,12,0,100,122.0,7,7,12,1,33,0,0,83,40.0,5,2,2,78,False,False,100.0,9
Good,86,152,2,71,19,0,100,122.0,7,7,20,1,50,0,4,2,,1,1,0,29,False,False,95.0,5
Bad,88,163,11,87,9,0,90,67.5,7,6,10,1,20,0,0,2,,2,2,0,40,True,False,90.0,4
Good,77,129,15,66,19,0,95,48.0,7,6,19,0,47,14,0,40,29.0,2,2,0,80,True,False,100.0,15
Bad,54,194,11,85,11,2,43,3.0,6,2,30,1,36,35,0,55,,4,1,1,83,True,True,37.0,24
Good,85,182,17,96,19,0,96,48.0,7,6,24,0,42,9,0,5,,2,1,0,75,True,False,79.0,18
Bad,65,176,3,93,40,0,100,122.0,7,7,45,9,36,2,2,81,71.0,8,6,2,88,False,False,89.0,39
Bad,69,66,8,32,14,1,93,9.0,2,2,15,4,53,35,0,9,86.0,2,3,1,78,True,True,93.0,11
Bad,55,171,10,65,52,1,98,1.0,6,6,54,1,69,1,2,83,56.0,6,12,2,90,True,True,96.0,48
Good,80,172,1,92,21,0,100,122.0,7,7,22,2,27,0,1,37,,4,1,1,83,False,False,95.0,18
Bad,73,215,7,88,38,1,92,23.0,7,6,40,1,38,19,0,1,78.0,4,2,1,50,True,False,95.0,20
Bad,77,54,12,32,3,0,100,122.0,7,7,4,0,33,35,1,25,,2,2,0,100,False,False,75.0,4
Bad,73,159,7,60,16,0,94,15.0,7,6,16,3,44,35,0,72,94.0,5,2,0,100,True,False,100.0,16
Bad,59,255,1,87,16,0,76,1.0,6,6,17,1,41,35,3,80,43.0,4,3,3,100,True,True,94.0,17
Good,76,368,6,80,31,0,100,122.0,7,7,32,3,16,0,0,21,50.0,8,2,2,65,False,False,97.0,20
Bad,75,179,6,83,23,0,100,122.0,7,7,23,1,30,35,0,43,84.0,8,2,1,71,False,False,100.0,16
Good,64,241,2,92,39,0,100,122.0,7,7,50,1,33,0,5,68,66.0,10,1,4,65,False,False,78.0,32
Bad,61,275,5,102,34,1,87,14.0,7,4,43,1,24,3,1,58,77.0,18,3,7,81,True,False,79.0,34
Bad,61,244,19,86,7,2,50,11.0,6,3,10,0,70,0,1,95,54.0,1,3,1,100,True,True,70.0,10
Bad,86,70,9,39,10,0,100,122.0,7,7,10,1,10,0,0,0,,1,1,0,22,False,False,100.0,2
Good,81,300,2,90,18,0,100,122.0,7,7,19,4,21,2,1,17,,3,1,1,31,False,False,95.0,5
Good,78,295,9,91,28,0,100,122.0,7,7,28,1,4,0,1,23,,12,2,1,71,False,False,100.0,19
Good,80,268,3,96,41,0,98,46.0,7,6,41,1,41,2,5,7,83.0,2,5,0,58,True,False,100.0,23
Good,80,181,19,100,17,0,100,122.0,7,7,17,0,6,0,1,16,,2,1,1,80,False,False,100.0,13
Good,56,177,4,61,10,2,53,3.0,6,2,17,3,53,0,1,62,78.0,5,2,1,88,True,True,59.0,14
Good,68,191,7,67,25,1,89,20.0,7,3,32,2,22,15,0,51,44.0,9,2,5,73,True,False,78.0,23
Bad,69,75,8,32,18,0,100,122.0,7,7,18,3,44,0,0,50,88.0,6,4,2,91,False,False,100.0,16
Bad,68,235,9,117,16,1,89,0.0,2,2,19,1,53,0,3,27,48.0,1,3,0,83,True,True,84.0,15
Bad,67,181,30,78,10,0,92,1.0,6,6,13,0,62,35,1,73,42.0,2,2,1,100,True,True,77.0,13
Bad,70,68,2,41,6,0,100,122.0,7,7,7,1,57,0,0,91,17.0,2,2,1,100,False,False,86.0,7
Bad,54,87,2,22,33,0,100,122.0,7,7,34,11,24,35,5,38,90.0,17,2,2,79,False,False,97.0,26
Bad,58,171,34,115,3,2,29,2.0,6,3,7,0,43,0,0,81,,1,1,1,100,True,True,43.0,7
Bad,72,365,11,83,22,0,100,122.0,7,7,22,1,41,0,0,49,23.0,6,2,1,73,False,False,100.0,16
Bad,65,330,13,97,37,0,86,12.0,7,5,43,0,53,0,0,61,60.0,9,2,3,79,True,False,86.0,33
Bad,59,131,7,81,13,0,69,5.0,6,5,17,1,50,35,2,75,,3,2,1,100,True,True,76.0,17
Bad,55,180,65,115,5,3,31,15.0,7,3,17,0,19,0,0,34,61.0,4,2,1,86,True,False,29.0,14
Bad,58,58,3,22,16,0,100,122.0,7,7,16,5,19,0,4,66,95.0,10,2,2,86,False,False,100.0,13
Good,75,98,20,52,7,0,100,122.0,7,7,7,0,100,0,0,30,42.0,4,3,1,100,False,False,100.0,7
Good,82,205,5,68,15,0,87,19.0,7,6,15,3,33,0,0,5,,3,1,0,40,True,False,100.0,6
Good,84,170,18,86,19,0,100,122.0,7,7,22,0,32,3,1,28,,2,1,0,50,False,False,86.0,11
Bad,69,39,4,23,7,0,88,14.0,7,5,8,2,13,0,8,19,,3,2,0,50,True,False,88.0,4
Bad,77,199,2,60,24,0,100,122.0,7,7,29,3,21,0,0,66,41.0,5,3,2,67,False,False,83.0,19
Bad,72,275,12,80,4,0,80,9.0,6,6,5,0,60,0,0,56,58.0,1,2,1,75,True,True,80.0,3
Bad,62,233,7,72,8,0,78,47.0,7,5,9,2,44,0,0,95,85.0,3,2,3,100,True,False,89.0,9
Good,89,225,3,81,11,0,100,122.0,7,7,12,2,73,1,3,6,91.0,1,3,0,80,False,False,92.0,9
Good,64,226,1,102,44,0,98,1.0,6,6,50,1,28,1,2,59,100.0,10,3,4,62,True,True,88.0,31
Good,81,370,6,78,25,0,96,24.0,7,6,26,1,42,0,1,0,67.0,1,3,0,40,True,False,96.0,10
Bad,61,179,5,63,33,0,97,10.0,6,6,35,2,31,0,2,59,,5,1,2,55,True,True,94.0,19
Bad,77,53,3,24,13,0,100,122.0,7,7,13,4,46,35,1,19,99.0,3,2,0,56,False,False,100.0,7
Good,83,83,22,80,7,0,100,122.0,7,7,11,0,29,2,1,30,43.0,2,1,0,75,False,False,64.0,8
Good,57,382,6,125,36,0,62,28.0,7,5,45,4,27,0,2,72,93.0,10,5,3,76,True,False,80.0,34
Bad,61,189,35,107,8,4,70,12.0,7,6,10,0,40,0,2,0,,0,1,1,50,True,False,80.0,5
Bad,59,132,13,58,20,0,75,7.0,6,6,20,0,35,35,1,94,,4,1,2,83,True,True,100.0,16
Bad,80,131,19,66,7,0,100,122.0,7,7,7,0,71,0,0,30,74.0,1,2,1,100,False,False,100.0,7
Good,79,75,2,37,15,0,100,122.0,7,7,16,3,44,1,1,20,83.0,2,3,0,56,False,False,94.0,8
Bad,67,110,7,46,33,1,97,9.0,6,4,38,1,26,35,1,41,23.0,9,2,2,87,True,True,87.0,33
